Date,price
1/1/2014 0:00,40.76304
1/1/2014 0:30,59.88385
1/1/2014 1:00,40.26238
1/1/2014 1:30,40.05697
1/1/2014 2:00,34.73292
1/1/2014 2:30,47.47346
1/1/2014 3:00,41.78337
1/1/2014 3:30,40.67924
1/1/2014 4:00,41.64813
1/1/2014 4:30,40.81704
1/1/2014 5:00,47.00964
1/1/2014 5:30,48.20387
1/1/2014 6:00,47.20758
1/1/2014 6:30,46.15189
1/1/2014 7:00,47.99512
1/1/2014 7:30,41.06299
1/1/2014 8:00,41.80765
1/1/2014 8:30,40.20582
1/1/2014 9:00,35.99832
1/1/2014 9:30,33.48334
1/1/2014 10:00,34.74731
1/1/2014 10:30,34.6453
1/1/2014 11:00,31.69278
1/1/2014 11:30,36.13405
1/1/2014 12:00,36.13038
1/1/2014 12:30,36.42429
1/1/2014 13:00,35.47182
1/1/2014 13:30,34.01346
1/1/2014 14:00,34.92715
1/1/2014 14:30,37.57154
1/1/2014 15:00,31.53778
1/1/2014 15:30,37.31439
1/1/2014 16:00,30.98344
1/1/2014 16:30,40.00176
1/1/2014 17:00,38.09933
1/1/2014 17:30,44.90951
1/1/2014 18:00,52.73268
1/1/2014 18:30,45.1895
1/1/2014 19:00,52.02954
1/1/2014 19:30,45.38009
1/1/2014 20:00,50.51429
1/1/2014 20:30,45.40483
1/1/2014 21:00,45.33273
1/1/2014 21:30,45.31894
1/1/2014 22:00,51.24232
1/1/2014 22:30,41.62592
1/1/2014 23:00,41.20641
1/1/2014 23:30,40.04561
1/2/2014 0:00,36.16249
1/2/2014 0:30,37.54503
1/2/2014 1:00,38.62107
1/2/2014 1:30,37.69544
1/2/2014 2:00,41.92707
1/2/2014 2:30,39.75871
1/2/2014 3:00,35.6543
1/2/2014 3:30,36.78213
1/2/2014 4:00,36.87077
1/2/2014 4:30,33.38019
1/2/2014 5:00,36.95706
1/2/2014 5:30,45.06926
1/2/2014 6:00,38.20377
1/2/2014 6:30,41.02235
1/2/2014 7:00,41.69735
1/2/2014 7:30,42.92272
1/2/2014 8:00,41.2685
1/2/2014 8:30,40.80887
1/2/2014 9:00,41.4157
1/2/2014 9:30,45.23797
1/2/2014 10:00,41.23113
1/2/2014 10:30,40.88236
1/2/2014 11:00,41.17563
1/2/2014 11:30,41.00133
1/2/2014 12:00,40.24689
1/2/2014 12:30,40.38894
1/2/2014 13:00,40.20703
1/2/2014 13:30,40.17175
1/2/2014 14:00,39.6562
1/2/2014 14:30,41.17632
1/2/2014 15:00,40.68784
1/2/2014 15:30,40.66633
1/2/2014 16:00,39.89183
1/2/2014 16:30,42.66617
1/2/2014 17:00,40.83829
1/2/2014 17:30,47.38813
1/2/2014 18:00,52.87844
1/2/2014 18:30,43.08516
1/2/2014 19:00,45.75967
1/2/2014 19:30,47.22249
1/2/2014 20:00,44.87698
1/2/2014 20:30,45.66913
1/2/2014 21:00,45.6225
1/2/2014 21:30,45.6208
1/2/2014 22:00,70.94148
1/2/2014 22:30,48.13564
1/2/2014 23:00,41.5932
1/2/2014 23:30,41.604
1/3/2014 0:00,38.51404
1/3/2014 0:30,36.39061
1/3/2014 1:00,35.23313
1/3/2014 1:30,34.40275
1/3/2014 2:00,18.53743
1/3/2014 2:30,31.45702
1/3/2014 3:00,33.08084
1/3/2014 3:30,33.09665
1/3/2014 4:00,31.06034
1/3/2014 4:30,31.13938
1/3/2014 5:00,33.84453
1/3/2014 5:30,36.62001
1/3/2014 6:00,34.59375
1/3/2014 6:30,39.39322
1/3/2014 7:00,39.83917
1/3/2014 7:30,37.48099
1/3/2014 8:00,40.50819
1/3/2014 8:30,39.86755
1/3/2014 9:00,41.12968
1/3/2014 9:30,49.70506
1/3/2014 10:00,47.11261
1/3/2014 10:30,43.99502
1/3/2014 11:00,48.21123
1/3/2014 11:30,47.16752
1/3/2014 12:00,45.55493
1/3/2014 12:30,41.24784
1/3/2014 13:00,41.33771
1/3/2014 13:30,37.97424
1/3/2014 14:00,37.84286
1/3/2014 14:30,40.58462
1/3/2014 15:00,39.76983
1/3/2014 15:30,41.4452
1/3/2014 16:00,41.06852
1/3/2014 16:30,71.54382
1/3/2014 17:00,40.68265
1/3/2014 17:30,53.73751
1/3/2014 18:00,45.80922
1/3/2014 18:30,43.80257
1/3/2014 19:00,46.60549
1/3/2014 19:30,50.4762
1/3/2014 20:00,62.52273
1/3/2014 20:30,61.18094
1/3/2014 21:00,59.31467
1/3/2014 21:30,46.05426
1/3/2014 22:00,72.3134
1/3/2014 22:30,45.88016
1/3/2014 23:00,49.86752
1/3/2014 23:30,40.18459
1/4/2014 0:00,42.49196
1/4/2014 0:30,44.80163
1/4/2014 1:00,44.82483
1/4/2014 1:30,41.14047
1/4/2014 2:00,37.9887
1/4/2014 2:30,37.14045
1/4/2014 3:00,37.26684
1/4/2014 3:30,37.29371
1/4/2014 4:00,39.18049
1/4/2014 4:30,42.84162
1/4/2014 5:00,37.15166
1/4/2014 5:30,40.57349
1/4/2014 6:00,41.35917
1/4/2014 6:30,47.21179
1/4/2014 7:00,53.97803
1/4/2014 7:30,48.56268
1/4/2014 8:00,48.02929
1/4/2014 8:30,45.05009
1/4/2014 9:00,44.16158
1/4/2014 9:30,40.92922
1/4/2014 10:00,39.7418
1/4/2014 10:30,37.88183
1/4/2014 11:00,39.49435
1/4/2014 11:30,37.27846
1/4/2014 12:00,37.83316
1/4/2014 12:30,37.86005
1/4/2014 13:00,45.05172
1/4/2014 13:30,43.00282
1/4/2014 14:00,44.04984
1/4/2014 14:30,44.96751
1/4/2014 15:00,41.03371
1/4/2014 15:30,47.06779
1/4/2014 16:00,44.95895
1/4/2014 16:30,46.69986
1/4/2014 17:00,41.39862
1/4/2014 17:30,51.08024
1/4/2014 18:00,52.21778
1/4/2014 18:30,43.03893
1/4/2014 19:00,45.48188
1/4/2014 19:30,45.43243
1/4/2014 20:00,45.31577
1/4/2014 20:30,57.76447
1/4/2014 21:00,70.07641
1/4/2014 21:30,52.70949
1/4/2014 22:00,45.57846
1/4/2014 22:30,40.90007
1/4/2014 23:00,44.72187
1/4/2014 23:30,40.66241
1/5/2014 0:00,42.25978
1/5/2014 0:30,52.60815
1/5/2014 1:00,61.16225
1/5/2014 1:30,47.97022
1/5/2014 2:00,45.63047
1/5/2014 2:30,42.93998
1/5/2014 3:00,40.41209
1/5/2014 3:30,40.39922
1/5/2014 4:00,42.39303
1/5/2014 4:30,42.94041
1/5/2014 5:00,42.57166
1/5/2014 5:30,45.68629
1/5/2014 6:00,45.70076
1/5/2014 6:30,50.67357
1/5/2014 7:00,66.45668
1/5/2014 7:30,51.74714
1/5/2014 8:00,50.74102
1/5/2014 8:30,42.94087
1/5/2014 9:00,43.23411
1/5/2014 9:30,40.64134
1/5/2014 10:00,37.86598
1/5/2014 10:30,39.86036
1/5/2014 11:00,38.01327
1/5/2014 11:30,39.32746
1/5/2014 12:00,39.59935
1/5/2014 12:30,40.95068
1/5/2014 13:00,40.86336
1/5/2014 13:30,41.13908
1/5/2014 14:00,39.50129
1/5/2014 14:30,48.13117
1/5/2014 15:00,40.67541
1/5/2014 15:30,50.28509
1/5/2014 16:00,43.49394
1/5/2014 16:30,54.21554
1/5/2014 17:00,41.2886
1/5/2014 17:30,59.20247
1/5/2014 18:00,67.03308
1/5/2014 18:30,59.41846
1/5/2014 19:00,52.48256
1/5/2014 19:30,54.57757
1/5/2014 20:00,52.57403
1/5/2014 20:30,53.81329
1/5/2014 21:00,62.78145
1/5/2014 21:30,54.1398
1/5/2014 22:00,52.41199
1/5/2014 22:30,47.04764
1/5/2014 23:00,60.35573
1/5/2014 23:30,46.82941
1/6/2014 0:00,47.21479
1/6/2014 0:30,46.86554
1/6/2014 1:00,49.68058
1/6/2014 1:30,43.49239
1/6/2014 2:00,42.7043
1/6/2014 2:30,39.68049
1/6/2014 3:00,39.47556
1/6/2014 3:30,40.0703
1/6/2014 4:00,47.87799
1/6/2014 4:30,52.50647
1/6/2014 5:00,41.00583
1/6/2014 5:30,48.19894
1/6/2014 6:00,40.77583
1/6/2014 6:30,43.54196
1/6/2014 7:00,54.43543
1/6/2014 7:30,48.46916
1/6/2014 8:00,50.30982
1/6/2014 8:30,44.01188
1/6/2014 9:00,50.39991
1/6/2014 9:30,50.46433
1/6/2014 10:00,50.41686
1/6/2014 10:30,50.58781
1/6/2014 11:00,50.40608
1/6/2014 11:30,56.58764
1/6/2014 12:00,56.11044
1/6/2014 12:30,54.90841
1/6/2014 13:00,48.50699
1/6/2014 13:30,44.74786
1/6/2014 14:00,45.75709
1/6/2014 14:30,42.40803
1/6/2014 15:00,42.50799
1/6/2014 15:30,45.18867
1/6/2014 16:00,42.42285
1/6/2014 16:30,44.45872
1/6/2014 17:00,42.49853
1/6/2014 17:30,51.21497
1/6/2014 18:00,54.53394
1/6/2014 18:30,51.1559
1/6/2014 19:00,45.56539
1/6/2014 19:30,47.50946
1/6/2014 20:00,51.15551
1/6/2014 20:30,54.58022
1/6/2014 21:00,59.22424
1/6/2014 21:30,45.42231
1/6/2014 22:00,54.90824
1/6/2014 22:30,42.23949
1/6/2014 23:00,42.08602
1/6/2014 23:30,40.58046
1/7/2014 0:00,39.1057
1/7/2014 0:30,39.11078
1/7/2014 1:00,36.68993
1/7/2014 1:30,37.69231
1/7/2014 2:00,39.18927
1/7/2014 2:30,40.14657
1/7/2014 3:00,39.38176
1/7/2014 3:30,39.64369
1/7/2014 4:00,38.53489
1/7/2014 4:30,40.21307
1/7/2014 5:00,39.12527
1/7/2014 5:30,38.79739
1/7/2014 6:00,39.076
1/7/2014 6:30,43.50779
1/7/2014 7:00,55.37781
1/7/2014 7:30,45.29556
1/7/2014 8:00,47.7633
1/7/2014 8:30,50.45411
1/7/2014 9:00,49.80245
1/7/2014 9:30,53.07383
1/7/2014 10:00,45.35953
1/7/2014 10:30,48.52528
1/7/2014 11:00,55.34904
1/7/2014 11:30,56.31926
1/7/2014 12:00,73.62655
1/7/2014 12:30,47.22977
1/7/2014 13:00,48.32264
1/7/2014 13:30,49.68785
1/7/2014 14:00,54.83302
1/7/2014 14:30,48.43045
1/7/2014 15:00,46.70112
1/7/2014 15:30,46.62575
1/7/2014 16:00,42.46753
1/7/2014 16:30,43.47545
1/7/2014 17:00,42.37524
1/7/2014 17:30,48.03087
1/7/2014 18:00,52.15475
1/7/2014 18:30,51.94804
1/7/2014 19:00,51.98562
1/7/2014 19:30,55.21516
1/7/2014 20:00,44.97748
1/7/2014 20:30,43.23075
1/7/2014 21:00,47.74661
1/7/2014 21:30,42.12705
1/7/2014 22:00,41.70029
1/7/2014 22:30,38.24741
1/7/2014 23:00,36.76798
1/7/2014 23:30,36.53853
1/8/2014 0:00,38.59299
1/8/2014 0:30,35.58647
1/8/2014 1:00,34.8591
1/8/2014 1:30,35.93051
1/8/2014 2:00,32.71993
1/8/2014 2:30,32
1/8/2014 3:00,35.93066
1/8/2014 3:30,36.52229
1/8/2014 4:00,36.08074
1/8/2014 4:30,41.59175
1/8/2014 5:00,37.1094
1/8/2014 5:30,35.55439
1/8/2014 6:00,16.74034
1/8/2014 6:30,40.80445
1/8/2014 7:00,40.44414
1/8/2014 7:30,40.69428
1/8/2014 8:00,40.10026
1/8/2014 8:30,32.49573
1/8/2014 9:00,35.85609
1/8/2014 9:30,34.51592
1/8/2014 10:00,39.96668
1/8/2014 10:30,36.68632
1/8/2014 11:00,36.64876
1/8/2014 11:30,34.68425
1/8/2014 12:00,36.7712
1/8/2014 12:30,36.60381
1/8/2014 13:00,36.46763
1/8/2014 13:30,33.70421
1/8/2014 14:00,36.35765
1/8/2014 14:30,40.72767
1/8/2014 15:00,38.9031
1/8/2014 15:30,37.42079
1/8/2014 16:00,36.93076
1/8/2014 16:30,41.55767
1/8/2014 17:00,40.76544
1/8/2014 17:30,57.80615
1/8/2014 18:00,43.00832
1/8/2014 18:30,41.35539
1/8/2014 19:00,44.31909
1/8/2014 19:30,45.97902
1/8/2014 20:00,41.18286
1/8/2014 20:30,40.49146
1/8/2014 21:00,39.3919
1/8/2014 21:30,41.87768
1/8/2014 22:00,52.46641
1/8/2014 22:30,42.45627
1/8/2014 23:00,47.27082
1/8/2014 23:30,37.57422
1/9/2014 0:00,37
1/9/2014 0:30,37.70017
1/9/2014 1:00,33.84974
1/9/2014 1:30,34.02013
1/9/2014 2:00,23.96972
1/9/2014 2:30,23.7516
1/9/2014 3:00,24
1/9/2014 3:30,20
1/9/2014 4:00,25
1/9/2014 4:30,30
1/9/2014 5:00,32.72577
1/9/2014 5:30,35.53131
1/9/2014 6:00,25.58271
1/9/2014 6:30,39.8815
1/9/2014 7:00,47.85384
1/9/2014 7:30,53.58583
1/9/2014 8:00,48.47445
1/9/2014 8:30,45.10718
1/9/2014 9:00,41.83543
1/9/2014 9:30,42.35055
1/9/2014 10:00,37.25843
1/9/2014 10:30,32.63724
1/9/2014 11:00,42.07433
1/9/2014 11:30,39.44957
1/9/2014 12:00,35.54443
1/9/2014 12:30,35.23938
1/9/2014 13:00,36.10858
1/9/2014 13:30,35.73176
1/9/2014 14:00,35.29786
1/9/2014 14:30,37.25235
1/9/2014 15:00,35.46728
1/9/2014 15:30,35.7952
1/9/2014 16:00,39.87958
1/9/2014 16:30,41.58556
1/9/2014 17:00,36.18567
1/9/2014 17:30,42.83309
1/9/2014 18:00,43.0144
1/9/2014 18:30,43.00639
1/9/2014 19:00,61.70435
1/9/2014 19:30,84.41161
1/9/2014 20:00,47.68626
1/9/2014 20:30,43.07961
1/9/2014 21:00,49.68652
1/9/2014 21:30,40.63909
1/9/2014 22:00,47.76867
1/9/2014 22:30,47.31304
1/9/2014 23:00,45
1/9/2014 23:30,33.22352
1/10/2014 0:00,33.22778
1/10/2014 0:30,36.31564
1/10/2014 1:00,39.28303
1/10/2014 1:30,43.88565
1/10/2014 2:00,41.77795
1/10/2014 2:30,48.3588
1/10/2014 3:00,44.21462
1/10/2014 3:30,45.57729
1/10/2014 4:00,39.44342
1/10/2014 4:30,41.60472
1/10/2014 5:00,44.70044
1/10/2014 5:30,46.26861
1/10/2014 6:00,41.43346
1/10/2014 6:30,48.37466
1/10/2014 7:00,48.69988
1/10/2014 7:30,59.26819
1/10/2014 8:00,45.98901
1/10/2014 8:30,41.50697
1/10/2014 9:00,41.08616
1/10/2014 9:30,39.81466
1/10/2014 10:00,39.94661
1/10/2014 10:30,40.74152
1/10/2014 11:00,39.67402
1/10/2014 11:30,34.60459
1/10/2014 12:00,27.05356
1/10/2014 12:30,25.5533
1/10/2014 13:00,22.17722
1/10/2014 13:30,22.19122
1/10/2014 14:00,23
1/10/2014 14:30,22.03638
1/10/2014 15:00,30.17084
1/10/2014 15:30,33.31299
1/10/2014 16:00,34.85772
1/10/2014 16:30,39.84861
1/10/2014 17:00,41.32075
1/10/2014 17:30,47.00574
1/10/2014 18:00,49.51099
1/10/2014 18:30,53.43666
1/10/2014 19:00,68.82634
1/10/2014 19:30,70.72129
1/10/2014 20:00,53.1787
1/10/2014 20:30,44.93174
1/10/2014 21:00,52.27678
1/10/2014 21:30,49.52201
1/10/2014 22:00,70.63844
1/10/2014 22:30,46.28641
1/10/2014 23:00,45.97
1/10/2014 23:30,43.78686
1/11/2014 0:00,38.76202
1/11/2014 0:30,52.43921
1/11/2014 1:00,50.14432
1/11/2014 1:30,40.51047
1/11/2014 2:00,44.41006
1/11/2014 2:30,47.73212
1/11/2014 3:00,40.85816
1/11/2014 3:30,38.67037
1/11/2014 4:00,39.21492
1/11/2014 4:30,40.60163
1/11/2014 5:00,38.16994
1/11/2014 5:30,39.48945
1/11/2014 6:00,39.84515
1/11/2014 6:30,41.82712
1/11/2014 7:00,40.03736
1/11/2014 7:30,41.75894
1/11/2014 8:00,44.09916
1/11/2014 8:30,40.73091
1/11/2014 9:00,40.15183
1/11/2014 9:30,39.93251
1/11/2014 10:00,40.66415
1/11/2014 10:30,39.37399
1/11/2014 11:00,39.80765
1/11/2014 11:30,43.64784
1/11/2014 12:00,39.1
1/11/2014 12:30,38.71899
1/11/2014 13:00,32.55258
1/11/2014 13:30,25.72148
1/11/2014 14:00,32.43617
1/11/2014 14:30,25.6923
1/11/2014 15:00,40.58592
1/11/2014 15:30,68.45931
1/11/2014 16:00,39.99982
1/11/2014 16:30,47.66496
1/11/2014 17:00,38.71635
1/11/2014 17:30,43.20449
1/11/2014 18:00,42.1098
1/11/2014 18:30,45
1/11/2014 19:00,51.88162
1/11/2014 19:30,41.99797
1/11/2014 20:00,43.56487
1/11/2014 20:30,38.13869
1/11/2014 21:00,38.42748
1/11/2014 21:30,35.41001
1/11/2014 22:00,35.24125
1/11/2014 22:30,34.78704
1/11/2014 23:00,39.66268
1/11/2014 23:30,43.24194
1/12/2014 0:00,38.95296
1/12/2014 0:30,35.66393
1/12/2014 1:00,35.59474
1/12/2014 1:30,34.45216
1/12/2014 2:00,35.75015
1/12/2014 2:30,36.03911
1/12/2014 3:00,35.42166
1/12/2014 3:30,35.70735
1/12/2014 4:00,36.44547
1/12/2014 4:30,36.4344
1/12/2014 5:00,34.46258
1/12/2014 5:30,32.82193
1/12/2014 6:00,34.47597
1/12/2014 6:30,38.85428
1/12/2014 7:00,38.83156
1/12/2014 7:30,39.17604
1/12/2014 8:00,38.64267
1/12/2014 8:30,34.30325
1/12/2014 9:00,33.65643
1/12/2014 9:30,35.12271
1/12/2014 10:00,38.42839
1/12/2014 10:30,38.61932
1/12/2014 11:00,36.68478
1/12/2014 11:30,36.9706
1/12/2014 12:00,36.60692
1/12/2014 12:30,38.297
1/12/2014 13:00,39.18208
1/12/2014 13:30,38.98356
1/12/2014 14:00,32.29523
1/12/2014 14:30,32.12027
1/12/2014 15:00,32
1/12/2014 15:30,31.573
1/12/2014 16:00,32
1/12/2014 16:30,38.15584
1/12/2014 17:00,36.85019
1/12/2014 17:30,43.82728
1/12/2014 18:00,41.91792
1/12/2014 18:30,41.97869
1/12/2014 19:00,42.30813
1/12/2014 19:30,42.26106
1/12/2014 20:00,42.22559
1/12/2014 20:30,40.14516
1/12/2014 21:00,38.81035
1/12/2014 21:30,38.10845
1/12/2014 22:00,34.97133
1/12/2014 22:30,33.41641
1/12/2014 23:00,38.12486
1/12/2014 23:30,34.18881
1/13/2014 0:00,35
1/13/2014 0:30,33.46106
1/13/2014 1:00,28.96762
1/13/2014 1:30,25.35718
1/13/2014 2:00,33.44924
1/13/2014 2:30,37.21859
1/13/2014 3:00,28.77611
1/13/2014 3:30,32.69331
1/13/2014 4:00,21.22355
1/13/2014 4:30,25.33667
1/13/2014 5:00,33.41011
1/13/2014 5:30,34.38673
1/13/2014 6:00,29.86635
1/13/2014 6:30,39.05247
1/13/2014 7:00,70.33965
1/13/2014 7:30,57.1147
1/13/2014 8:00,54.28492
1/13/2014 8:30,40.61404
1/13/2014 9:00,38.56625
1/13/2014 9:30,33.37141
1/13/2014 10:00,33
1/13/2014 10:30,30.63903
1/13/2014 11:00,25.72727
1/13/2014 11:30,24.82579
1/13/2014 12:00,25.75629
1/13/2014 12:30,25.70545
1/13/2014 13:00,33.40539
1/13/2014 13:30,25.66746
1/13/2014 14:00,25.70973
1/13/2014 14:30,27.4145
1/13/2014 15:00,33.34068
1/13/2014 15:30,34.23914
1/13/2014 16:00,33.99848
1/13/2014 16:30,38.96371
1/13/2014 17:00,35.49163
1/13/2014 17:30,41.89339
1/13/2014 18:00,49.73716
1/13/2014 18:30,43.2425
1/13/2014 19:00,53.28364
1/13/2014 19:30,68.32853
1/13/2014 20:00,49.39206
1/13/2014 20:30,67.81137
1/13/2014 21:00,52.39402
1/13/2014 21:30,39.54891
1/13/2014 22:00,39.64707
1/13/2014 22:30,38.37212
1/13/2014 23:00,39.62233
1/13/2014 23:30,39.09032
1/14/2014 0:00,47.6036
1/14/2014 0:30,46.83612
1/14/2014 1:00,38.48223
1/14/2014 1:30,36.82251
1/14/2014 2:00,36.06026
1/14/2014 2:30,36.06267
1/14/2014 3:00,37.84029
1/14/2014 3:30,38.33116
1/14/2014 4:00,37.69507
1/14/2014 4:30,58.06533
1/14/2014 5:00,36.21759
1/14/2014 5:30,37.63943
1/14/2014 6:00,35.11713
1/14/2014 6:30,40.46015
1/14/2014 7:00,43.01468
1/14/2014 7:30,43.09339
1/14/2014 8:00,44.91636
1/14/2014 8:30,41.09988
1/14/2014 9:00,39.10652
1/14/2014 9:30,34.65726
1/14/2014 10:00,34
1/14/2014 10:30,23.20186
1/14/2014 11:00,31.34082
1/14/2014 11:30,31.18083
1/14/2014 12:00,23.08246
1/14/2014 12:30,21.94083
1/14/2014 13:00,31.21418
1/14/2014 13:30,31.25307
1/14/2014 14:00,34.94001
1/14/2014 14:30,33.87568
1/14/2014 15:00,35.17356
1/14/2014 15:30,37.98773
1/14/2014 16:00,38.08115
1/14/2014 16:30,42.82751
1/14/2014 17:00,40.13701
1/14/2014 17:30,45.56015
1/14/2014 18:00,49.32025
1/14/2014 18:30,49.79102
1/14/2014 19:00,51.65475
1/14/2014 19:30,43.46525
1/14/2014 20:00,50.93862
1/14/2014 20:30,50.84934
1/14/2014 21:00,43.00845
1/14/2014 21:30,39.41055
1/14/2014 22:00,38.82607
1/14/2014 22:30,38.43657
1/14/2014 23:00,38.73699
1/14/2014 23:30,38.65355
1/15/2014 0:00,35.26655
1/15/2014 0:30,38.31571
1/15/2014 1:00,44.98912
1/15/2014 1:30,38.86899
1/15/2014 2:00,36.8695
1/15/2014 2:30,40.23642
1/15/2014 3:00,38.68189
1/15/2014 3:30,38.18331
1/15/2014 4:00,38.10849
1/15/2014 4:30,39.26643
1/15/2014 5:00,38.77222
1/15/2014 5:30,35.39586
1/15/2014 6:00,36.78278
1/15/2014 6:30,41.3856
1/15/2014 7:00,43.3272
1/15/2014 7:30,53.00476
1/15/2014 8:00,56.92092
1/15/2014 8:30,46.77907
1/15/2014 9:00,41.32971
1/15/2014 9:30,40.68369
1/15/2014 10:00,37.69699
1/15/2014 10:30,35.82753
1/15/2014 11:00,34.67185
1/15/2014 11:30,35.74496
1/15/2014 12:00,37.38595
1/15/2014 12:30,37.61311
1/15/2014 13:00,35.53079
1/15/2014 13:30,37.00413
1/15/2014 14:00,41.7645
1/15/2014 14:30,47.43001
1/15/2014 15:00,42.85161
1/15/2014 15:30,43.17944
1/15/2014 16:00,40.38359
1/15/2014 16:30,43.08478
1/15/2014 17:00,41.90966
1/15/2014 17:30,62.85775
1/15/2014 18:00,49.46024
1/15/2014 18:30,47.8098
1/15/2014 19:00,74.31326
1/15/2014 19:30,63.15889
1/15/2014 20:00,61.94746
1/15/2014 20:30,56.56569
1/15/2014 21:00,69.65072
1/15/2014 21:30,56.73535
1/15/2014 22:00,59.12817
1/15/2014 22:30,50.32144
1/15/2014 23:00,42.76488
1/15/2014 23:30,40.9917
1/16/2014 0:00,38.53509
1/16/2014 0:30,38.95264
1/16/2014 1:00,45.57453
1/16/2014 1:30,40.98475
1/16/2014 2:00,45.98146
1/16/2014 2:30,40.07837
1/16/2014 3:00,40.81326
1/16/2014 3:30,38.3478
1/16/2014 4:00,40.1271
1/16/2014 4:30,41.00004
1/16/2014 5:00,40.34739
1/16/2014 5:30,43.21726
1/16/2014 6:00,37.71433
1/16/2014 6:30,41.68027
1/16/2014 7:00,61.37291
1/16/2014 7:30,47.16196
1/16/2014 8:00,54.03725
1/16/2014 8:30,41.91178
1/16/2014 9:00,40.92125
1/16/2014 9:30,38.28549
1/16/2014 10:00,37.01436
1/16/2014 10:30,35.95512
1/16/2014 11:00,35.35017
1/16/2014 11:30,35.4717
1/16/2014 12:00,34.80396
1/16/2014 12:30,26.66535
1/16/2014 13:00,26.69802
1/16/2014 13:30,34.20395
1/16/2014 14:00,27.81046
1/16/2014 14:30,30.61085
1/16/2014 15:00,34.67251
1/16/2014 15:30,38.06255
1/16/2014 16:00,38.65243
1/16/2014 16:30,42.05631
1/16/2014 17:00,38.66006
1/16/2014 17:30,44.96165
1/16/2014 18:00,49.58515
1/16/2014 18:30,50.7797
1/16/2014 19:00,53.78177
1/16/2014 19:30,52.03233
1/16/2014 20:00,49.65601
1/16/2014 20:30,68.23624
1/16/2014 21:00,50.91482
1/16/2014 21:30,41.12253
1/16/2014 22:00,41.81043
1/16/2014 22:30,40.77599
1/16/2014 23:00,40.76243
1/16/2014 23:30,38.64567
1/17/2014 0:00,36.17539
1/17/2014 0:30,37.14496
1/17/2014 1:00,42.29619
1/17/2014 1:30,42.44701
1/17/2014 2:00,45.52855
1/17/2014 2:30,36.62531
1/17/2014 3:00,43.66363
1/17/2014 3:30,43.46721
1/17/2014 4:00,44.69262
1/17/2014 4:30,40.13176
1/17/2014 5:00,36.58617
1/17/2014 5:30,40.51151
1/17/2014 6:00,38.30108
1/17/2014 6:30,43.4114
1/17/2014 7:00,49.53029
1/17/2014 7:30,49.65349
1/17/2014 8:00,43.36845
1/17/2014 8:30,42.5811
1/17/2014 9:00,40.88936
1/17/2014 9:30,37.18412
1/17/2014 10:00,37.08601
1/17/2014 10:30,38.19174
1/17/2014 11:00,36.93068
1/17/2014 11:30,37.50512
1/17/2014 12:00,34.30657
1/17/2014 12:30,38.89352
1/17/2014 13:00,39.28633
1/17/2014 13:30,39.12943
1/17/2014 14:00,37.23846
1/17/2014 14:30,40.79886
1/17/2014 15:00,38.39908
1/17/2014 15:30,42.71187
1/17/2014 16:00,38.4236
1/17/2014 16:30,43.24228
1/17/2014 17:00,39.21853
1/17/2014 17:30,45.36205
1/17/2014 18:00,45.84823
1/17/2014 18:30,45.14088
1/17/2014 19:00,45.4612
1/17/2014 19:30,43.52537
1/17/2014 20:00,43.1101
1/17/2014 20:30,42.51752
1/17/2014 21:00,45.31899
1/17/2014 21:30,41.60571
1/17/2014 22:00,43.15949
1/17/2014 22:30,42.99124
1/17/2014 23:00,43.05714
1/17/2014 23:30,41.69363
1/18/2014 0:00,37.97082
1/18/2014 0:30,42.76075
1/18/2014 1:00,42.94345
1/18/2014 1:30,41.53357
1/18/2014 2:00,42.23577
1/18/2014 2:30,39.02216
1/18/2014 3:00,39.0817
1/18/2014 3:30,39.06565
1/18/2014 4:00,39.15322
1/18/2014 4:30,43.2576
1/18/2014 5:00,43.1263
1/18/2014 5:30,43.07936
1/18/2014 6:00,42.17993
1/18/2014 6:30,44.46157
1/18/2014 7:00,42.40142
1/18/2014 7:30,45.86945
1/18/2014 8:00,39.8519
1/18/2014 8:30,38.21222
1/18/2014 9:00,37.37433
1/18/2014 9:30,34.86948
1/18/2014 10:00,33.00281
1/18/2014 10:30,37.30607
1/18/2014 11:00,36.29398
1/18/2014 11:30,36.39902
1/18/2014 12:00,35.40978
1/18/2014 12:30,36.4699
1/18/2014 13:00,36.13887
1/18/2014 13:30,32.77755
1/18/2014 14:00,32.04703
1/18/2014 14:30,35.88779
1/18/2014 15:00,35.93712
1/18/2014 15:30,39.84634
1/18/2014 16:00,38.68022
1/18/2014 16:30,42.26756
1/18/2014 17:00,38.66119
1/18/2014 17:30,45.23778
1/18/2014 18:00,48.94678
1/18/2014 18:30,69.17753
1/18/2014 19:00,46.51179
1/18/2014 19:30,50.53341
1/18/2014 20:00,45.20268
1/18/2014 20:30,42.44056
1/18/2014 21:00,43.0192
1/18/2014 21:30,40.07473
1/18/2014 22:00,42.60743
1/18/2014 22:30,43.81818
1/18/2014 23:00,47.22514
1/18/2014 23:30,43.05507
1/19/2014 0:00,48.20159
1/19/2014 0:30,47.99607
1/19/2014 1:00,39.3109
1/19/2014 1:30,37.16562
1/19/2014 2:00,38.21827
1/19/2014 2:30,39.28893
1/19/2014 3:00,48.4612
1/19/2014 3:30,39.23724
1/19/2014 4:00,47.85223
1/19/2014 4:30,48.12645
1/19/2014 5:00,39.58994
1/19/2014 5:30,39.74429
1/19/2014 6:00,39.69075
1/19/2014 6:30,48.21243
1/19/2014 7:00,52.10739
1/19/2014 7:30,52.39778
1/19/2014 8:00,49.32737
1/19/2014 8:30,45.58436
1/19/2014 9:00,44.34448
1/19/2014 9:30,41.2133
1/19/2014 10:00,44.06878
1/19/2014 10:30,46.54746
1/19/2014 11:00,44.18887
1/19/2014 11:30,39.83192
1/19/2014 12:00,43.96227
1/19/2014 12:30,40.15754
1/19/2014 13:00,50.37996
1/19/2014 13:30,57.64284
1/19/2014 14:00,52.4694
1/19/2014 14:30,75.72468
1/19/2014 15:00,39.06927
1/19/2014 15:30,43.96269
1/19/2014 16:00,37.00842
1/19/2014 16:30,42.7511
1/19/2014 17:00,38.48827
1/19/2014 17:30,40.05571
1/19/2014 18:00,44.45764
1/19/2014 18:30,46.45472
1/19/2014 19:00,53.89926
1/19/2014 19:30,42.64731
1/19/2014 20:00,52.08029
1/19/2014 20:30,44.64159
1/19/2014 21:00,45.79645
1/19/2014 21:30,42.12938
1/19/2014 22:00,47.54722
1/19/2014 22:30,43.82233
1/19/2014 23:00,47.15074
1/19/2014 23:30,39.53113
1/20/2014 0:00,47.07863
1/20/2014 0:30,39.24529
1/20/2014 1:00,39.22428
1/20/2014 1:30,39.21173
1/20/2014 2:00,41.70965
1/20/2014 2:30,42.62733
1/20/2014 3:00,38.21144
1/20/2014 3:30,38.17254
1/20/2014 4:00,39.11739
1/20/2014 4:30,42.71138
1/20/2014 5:00,39.26546
1/20/2014 5:30,42.34127
1/20/2014 6:00,38.06098
1/20/2014 6:30,39.73932
1/20/2014 7:00,44.93902
1/20/2014 7:30,52.40741
1/20/2014 8:00,46.21682
1/20/2014 8:30,41.509
1/20/2014 9:00,40.9618
1/20/2014 9:30,39.75705
1/20/2014 10:00,39.36016
1/20/2014 10:30,37.71418
1/20/2014 11:00,39.38236
1/20/2014 11:30,39.2391
1/20/2014 12:00,39.27913
1/20/2014 12:30,39.39483
1/20/2014 13:00,39.69109
1/20/2014 13:30,41.81484
1/20/2014 14:00,42.48069
1/20/2014 14:30,41.95305
1/20/2014 15:00,42.75432
1/20/2014 15:30,45.7635
1/20/2014 16:00,41.67361
1/20/2014 16:30,45.21532
1/20/2014 17:00,42.13075
1/20/2014 17:30,50.74362
1/20/2014 18:00,52.18918
1/20/2014 18:30,50.93251
1/20/2014 19:00,55.99978
1/20/2014 19:30,60
1/20/2014 20:00,59.66571
1/20/2014 20:30,70
1/20/2014 21:00,45.77799
1/20/2014 21:30,41.91701
1/20/2014 22:00,46.28508
1/20/2014 22:30,42.51363
1/20/2014 23:00,44.25651
1/20/2014 23:30,41.27921
1/21/2014 0:00,39.40378
1/21/2014 0:30,37.01884
1/21/2014 1:00,37.56282
1/21/2014 1:30,37.3572
1/21/2014 2:00,36.86712
1/21/2014 2:30,36.70625
1/21/2014 3:00,38.98556
1/21/2014 3:30,39.14981
1/21/2014 4:00,39.31411
1/21/2014 4:30,39.00945
1/21/2014 5:00,39.33251
1/21/2014 5:30,48.28548
1/21/2014 6:00,39.80368
1/21/2014 6:30,45.42681
1/21/2014 7:00,54.37557
1/21/2014 7:30,97.77417
1/21/2014 8:00,54.37339
1/21/2014 8:30,98.37027
1/21/2014 9:00,56.60135
1/21/2014 9:30,56.29351
1/21/2014 10:00,54.49862
1/21/2014 10:30,44.6578
1/21/2014 11:00,53.84775
1/21/2014 11:30,59.75583
1/21/2014 12:00,43.03956
1/21/2014 12:30,45.18567
1/21/2014 13:00,53.27581
1/21/2014 13:30,53.9564
1/21/2014 14:00,45.4133
1/21/2014 14:30,57.48883
1/21/2014 15:00,49.7695
1/21/2014 15:30,54.46289
1/21/2014 16:00,44.10861
1/21/2014 16:30,53.85214
1/21/2014 17:00,41.32631
1/21/2014 17:30,47.67949
1/21/2014 18:00,54.43239
1/21/2014 18:30,54.78492
1/21/2014 19:00,54.39993
1/21/2014 19:30,54.28254
1/21/2014 20:00,48.75417
1/21/2014 20:30,44.57766
1/21/2014 21:00,47.53616
1/21/2014 21:30,42.30578
1/21/2014 22:00,53.98887
1/21/2014 22:30,46.22311
1/21/2014 23:00,44.52247
1/21/2014 23:30,40.44673
1/22/2014 0:00,39.20324
1/22/2014 0:30,39.72994
1/22/2014 1:00,40.17118
1/22/2014 1:30,42.94685
1/22/2014 2:00,41.88458
1/22/2014 2:30,40.06507
1/22/2014 3:00,40.02857
1/22/2014 3:30,40.08925
1/22/2014 4:00,40.15022
1/22/2014 4:30,44.21439
1/22/2014 5:00,39.43929
1/22/2014 5:30,55.10821
1/22/2014 6:00,38.3285
1/22/2014 6:30,42.58923
1/22/2014 7:00,45.79118
1/22/2014 7:30,46.63856
1/22/2014 8:00,52.27264
1/22/2014 8:30,44.1169
1/22/2014 9:00,42.27088
1/22/2014 9:30,40.39622
1/22/2014 10:00,41.95809
1/22/2014 10:30,40.54604
1/22/2014 11:00,42.18825
1/22/2014 11:30,40.65001
1/22/2014 12:00,39.59357
1/22/2014 12:30,40.63487
1/22/2014 13:00,53.13466
1/22/2014 13:30,55.05374
1/22/2014 14:00,44.65998
1/22/2014 14:30,45.18876
1/22/2014 15:00,43.89969
1/22/2014 15:30,44.65978
1/22/2014 16:00,41.54596
1/22/2014 16:30,42.61488
1/22/2014 17:00,37.62917
1/22/2014 17:30,42.49297
1/22/2014 18:00,47.09509
1/22/2014 18:30,48.24313
1/22/2014 19:00,46.43024
1/22/2014 19:30,44.61364
1/22/2014 20:00,46.18824
1/22/2014 20:30,44.04806
1/22/2014 21:00,45.46661
1/22/2014 21:30,44.00857
1/22/2014 22:00,52.40723
1/22/2014 22:30,44.05367
1/22/2014 23:00,48.01641
1/22/2014 23:30,50.62127
1/23/2014 0:00,47.95871
1/23/2014 0:30,43.73339
1/23/2014 1:00,43.38359
1/23/2014 1:30,43.4408
1/23/2014 2:00,43.31834
1/23/2014 2:30,40.76578
1/23/2014 3:00,39.89213
1/23/2014 3:30,39.94088
1/23/2014 4:00,39.95697
1/23/2014 4:30,43.27018
1/23/2014 5:00,39.12762
1/23/2014 5:30,44.84062
1/23/2014 6:00,39.12744
1/23/2014 6:30,43.4638
1/23/2014 7:00,46.70951
1/23/2014 7:30,47.83454
1/23/2014 8:00,56.89557
1/23/2014 8:30,43.52048
1/23/2014 9:00,46.17805
1/23/2014 9:30,43.62319
1/23/2014 10:00,40.55628
1/23/2014 10:30,43.43502
1/23/2014 11:00,38.49127
1/23/2014 11:30,38.04005
1/23/2014 12:00,42.9117
1/23/2014 12:30,38.27975
1/23/2014 13:00,38.24627
1/23/2014 13:30,38.35443
1/23/2014 14:00,41.13884
1/23/2014 14:30,41.18504
1/23/2014 15:00,41.26905
1/23/2014 15:30,41.37158
1/23/2014 16:00,26.89147
1/23/2014 16:30,41.50287
1/23/2014 17:00,41.6745
1/23/2014 17:30,44.12376
1/23/2014 18:00,47.12195
1/23/2014 18:30,50.43562
1/23/2014 19:00,59.10555
1/23/2014 19:30,48.37608
1/23/2014 20:00,49.8291
1/23/2014 20:30,45.10046
1/23/2014 21:00,43.49077
1/23/2014 21:30,42.53477
1/23/2014 22:00,43.05981
1/23/2014 22:30,42.6367
1/23/2014 23:00,43.30092
1/23/2014 23:30,42.87368
1/24/2014 0:00,49.37546
1/24/2014 0:30,96.36814
1/24/2014 1:00,56.73944
1/24/2014 1:30,46.56602
1/24/2014 2:00,42.82785
1/24/2014 2:30,42.13851
1/24/2014 3:00,42.1134
1/24/2014 3:30,42.10056
1/24/2014 4:00,39.16125
1/24/2014 4:30,42.29005
1/24/2014 5:00,39.51751
1/24/2014 5:30,42.43268
1/24/2014 6:00,39.01733
1/24/2014 6:30,47.10435
1/24/2014 7:00,50
1/24/2014 7:30,58.08711
1/24/2014 8:00,61.27098
1/24/2014 8:30,58.03314
1/24/2014 9:00,58.83278
1/24/2014 9:30,58.51503
1/24/2014 10:00,58.03872
1/24/2014 10:30,46.72257
1/24/2014 11:00,47.26599
1/24/2014 11:30,53.82469
1/24/2014 12:00,46.74007
1/24/2014 12:30,43.34646
1/24/2014 13:00,46.95336
1/24/2014 13:30,59.97714
1/24/2014 14:00,62.54199
1/24/2014 14:30,60.20368
1/24/2014 15:00,57.61549
1/24/2014 15:30,58.86808
1/24/2014 16:00,43.53211
1/24/2014 16:30,49.72871
1/24/2014 17:00,46.63642
1/24/2014 17:30,60.97122
1/24/2014 18:00,58.65545
1/24/2014 18:30,58.4835
1/24/2014 19:00,55.66591
1/24/2014 19:30,56.01181
1/24/2014 20:00,48.23579
1/24/2014 20:30,56.71415
1/24/2014 21:00,58.31294
1/24/2014 21:30,57.54641
1/24/2014 22:00,57.59752
1/24/2014 22:30,56.19943
1/24/2014 23:00,56.65963
1/24/2014 23:30,58.13931
1/25/2014 0:00,67.52872
1/25/2014 0:30,57.99667
1/25/2014 1:00,58.08987
1/25/2014 1:30,55.37234
1/25/2014 2:00,53.75382
1/25/2014 2:30,55.83701
1/25/2014 3:00,75.15457
1/25/2014 3:30,75.12299
1/25/2014 4:00,45.10842
1/25/2014 4:30,49.94474
1/25/2014 5:00,45.19077
1/25/2014 5:30,55.96607
1/25/2014 6:00,45.4905
1/25/2014 6:30,49.8699
1/25/2014 7:00,49.84059
1/25/2014 7:30,45.58461
1/25/2014 8:00,47.96735
1/25/2014 8:30,46.55208
1/25/2014 9:00,39.72278
1/25/2014 9:30,39.29559
1/25/2014 10:00,39.27986
1/25/2014 10:30,38.93916
1/25/2014 11:00,39.10623
1/25/2014 11:30,41.93658
1/25/2014 12:00,40.37299
1/25/2014 12:30,44.13271
1/25/2014 13:00,38.99945
1/25/2014 13:30,38.94818
1/25/2014 14:00,38.54137
1/25/2014 14:30,38.90096
1/25/2014 15:00,38.60307
1/25/2014 15:30,45.63407
1/25/2014 16:00,38.60921
1/25/2014 16:30,53.53256
1/25/2014 17:00,46.11794
1/25/2014 17:30,51.22297
1/25/2014 18:00,46.38538
1/25/2014 18:30,45.9531
1/25/2014 19:00,56.54868
1/25/2014 19:30,56.43589
1/25/2014 20:00,47.97262
1/25/2014 20:30,46.39708
1/25/2014 21:00,48.9215
1/25/2014 21:30,51.14482
1/25/2014 22:00,55.70496
1/25/2014 22:30,57.53516
1/25/2014 23:00,60.68432
1/25/2014 23:30,46.11552
1/26/2014 0:00,56.0618
1/26/2014 0:30,46.61286
1/26/2014 1:00,47.87616
1/26/2014 1:30,45.9627
1/26/2014 2:00,47.3429
1/26/2014 2:30,47.79116
1/26/2014 3:00,47.43988
1/26/2014 3:30,51.39603
1/26/2014 4:00,47.22403
1/26/2014 4:30,49.63048
1/26/2014 5:00,47.56713
1/26/2014 5:30,47.62904
1/26/2014 6:00,46.20087
1/26/2014 6:30,47.74863
1/26/2014 7:00,52.07776
1/26/2014 7:30,52.25211
1/26/2014 8:00,56.7656
1/26/2014 8:30,51.50031
1/26/2014 9:00,42.00841
1/26/2014 9:30,40.94849
1/26/2014 10:00,39.18841
1/26/2014 10:30,41.84507
1/26/2014 11:00,40.15319
1/26/2014 11:30,40.51655
1/26/2014 12:00,39.9031
1/26/2014 12:30,44.91458
1/26/2014 13:00,41.24333
1/26/2014 13:30,52.37088
1/26/2014 14:00,46.34351
1/26/2014 14:30,48.03234
1/26/2014 15:00,52.48548
1/26/2014 15:30,48.45879
1/26/2014 16:00,41.08975
1/26/2014 16:30,40.33141
1/26/2014 17:00,38.95605
1/26/2014 17:30,53.57011
1/26/2014 18:00,61.11681
1/26/2014 18:30,63.19944
1/26/2014 19:00,58.13432
1/26/2014 19:30,63.31607
1/26/2014 20:00,49.01234
1/26/2014 20:30,46.48727
1/26/2014 21:00,46.47343
1/26/2014 21:30,39.15809
1/26/2014 22:00,39.17043
1/26/2014 22:30,32.63412
1/26/2014 23:00,34.58895
1/26/2014 23:30,10.29457
1/27/2014 0:00,22.78488
1/27/2014 0:30,38.79538
1/27/2014 1:00,41
1/27/2014 1:30,51.76616
1/27/2014 2:00,40.03077
1/27/2014 2:30,41.06578
1/27/2014 3:00,44.53016
1/27/2014 3:30,41.13756
1/27/2014 4:00,47.5388
1/27/2014 4:30,51.73377
1/27/2014 5:00,40.73519
1/27/2014 5:30,43.99446
1/27/2014 6:00,39.86207
1/27/2014 6:30,46.56639
1/27/2014 7:00,48.79304
1/27/2014 7:30,52.82968
1/27/2014 8:00,52.74749
1/27/2014 8:30,45.91709
1/27/2014 9:00,61.04161
1/27/2014 9:30,52.43181
1/27/2014 10:00,46.48851
1/27/2014 10:30,46.01228
1/27/2014 11:00,46.38107
1/27/2014 11:30,43.11787
1/27/2014 12:00,43.59686
1/27/2014 12:30,46.29439
1/27/2014 13:00,46.36308
1/27/2014 13:30,46.59979
1/27/2014 14:00,46.02908
1/27/2014 14:30,45.50817
1/27/2014 15:00,42.1153
1/27/2014 15:30,46.70368
1/27/2014 16:00,44.52048
1/27/2014 16:30,45.45154
1/27/2014 17:00,43.07732
1/27/2014 17:30,49.79564
1/27/2014 18:00,55.84
1/27/2014 18:30,51.51459
1/27/2014 19:00,50.27208
1/27/2014 19:30,50.04271
1/27/2014 20:00,50.3505
1/27/2014 20:30,46.66887
1/27/2014 21:00,40.47443
1/27/2014 21:30,38.55969
1/27/2014 22:00,42.88541
1/27/2014 22:30,38.1776
1/27/2014 23:00,38.06575
1/27/2014 23:30,47.83935
1/28/2014 0:00,47.91269
1/28/2014 0:30,33.58603
1/28/2014 1:00,37.31586
1/28/2014 1:30,31.03573
1/28/2014 2:00,36.29204
1/28/2014 2:30,30.97575
1/28/2014 3:00,31
1/28/2014 3:30,40.11502
1/28/2014 4:00,39.85012
1/28/2014 4:30,39.03752
1/28/2014 5:00,38.96996
1/28/2014 5:30,40.63711
1/28/2014 6:00,35.71903
1/28/2014 6:30,39.33124
1/28/2014 7:00,45.08747
1/28/2014 7:30,45.05065
1/28/2014 8:00,45.14727
1/28/2014 8:30,44.8828
1/28/2014 9:00,44.75856
1/28/2014 9:30,40.18765
1/28/2014 10:00,40.93496
1/28/2014 10:30,40.07396
1/28/2014 11:00,45.61618
1/28/2014 11:30,45.19202
1/28/2014 12:00,45.54529
1/28/2014 12:30,48.03741
1/28/2014 13:00,47.00536
1/28/2014 13:30,48.13716
1/28/2014 14:00,43.08923
1/28/2014 14:30,38.43217
1/28/2014 15:00,27.17933
1/28/2014 15:30,36.49139
1/28/2014 16:00,38.42573
1/28/2014 16:30,55.32576
1/28/2014 17:00,39.75481
1/28/2014 17:30,48.25301
1/28/2014 18:00,49.37175
1/28/2014 18:30,52.18929
1/28/2014 19:00,49.77029
1/28/2014 19:30,45.35206
1/28/2014 20:00,45.32156
1/28/2014 20:30,49.59866
1/28/2014 21:00,48.719
1/28/2014 21:30,58.47817
1/28/2014 22:00,53.23591
1/28/2014 22:30,49.61323
1/28/2014 23:00,38.86578
1/28/2014 23:30,36.02445
1/29/2014 0:00,40.31566
1/29/2014 0:30,44.47859
1/29/2014 1:00,48.00488
1/29/2014 1:30,42.88652
1/29/2014 2:00,40.51728
1/29/2014 2:30,40.55365
1/29/2014 3:00,38.75846
1/29/2014 3:30,38.76485
1/29/2014 4:00,38.31532
1/29/2014 4:30,38.89465
1/29/2014 5:00,35
1/29/2014 5:30,40.45662
1/29/2014 6:00,37.19033
1/29/2014 6:30,48.34967
1/29/2014 7:00,48.16564
1/29/2014 7:30,60
1/29/2014 8:00,46.49662
1/29/2014 8:30,44.72739
1/29/2014 9:00,45.38617
1/29/2014 9:30,51.89942
1/29/2014 10:00,51.4333
1/29/2014 10:30,51.58888
1/29/2014 11:00,49.71228
1/29/2014 11:30,45.36435
1/29/2014 12:00,39.11469
1/29/2014 12:30,42.73794
1/29/2014 13:00,45.158
1/29/2014 13:30,39.3434
1/29/2014 14:00,38.89612
1/29/2014 14:30,37.96693
1/29/2014 15:00,38.80056
1/29/2014 15:30,38.60316
1/29/2014 16:00,38.12353
1/29/2014 16:30,44.88387
1/29/2014 17:00,40.4362
1/29/2014 17:30,48.06324
1/29/2014 18:00,47.97029
1/29/2014 18:30,50
1/29/2014 19:00,44.80122
1/29/2014 19:30,41.09026
1/29/2014 20:00,50.66194
1/29/2014 20:30,58.37337
1/29/2014 21:00,58.48142
1/29/2014 21:30,44.79143
1/29/2014 22:00,38.34275
1/29/2014 22:30,39.06651
1/29/2014 23:00,39.87126
1/29/2014 23:30,39.26
1/30/2014 0:00,49.10465
1/30/2014 0:30,48.91011
1/30/2014 1:00,40.21715
1/30/2014 1:30,39.74086
1/30/2014 2:00,38.5317
1/30/2014 2:30,38.3664
1/30/2014 3:00,38.87154
1/30/2014 3:30,38.92693
1/30/2014 4:00,24.37736
1/30/2014 4:30,38.10007
1/30/2014 5:00,35
1/30/2014 5:30,40.35334
1/30/2014 6:00,38.26109
1/30/2014 6:30,45.21527
1/30/2014 7:00,44.8056
1/30/2014 7:30,41.09201
1/30/2014 8:00,38.2352
1/30/2014 8:30,38.77186
1/30/2014 9:00,44.52742
1/30/2014 9:30,39.07462
1/30/2014 10:00,39.37452
1/30/2014 10:30,37.94605
1/30/2014 11:00,39.52859
1/30/2014 11:30,39.38936
1/30/2014 12:00,39.06635
1/30/2014 12:30,39.18127
1/30/2014 13:00,38.84171
1/30/2014 13:30,40.16915
1/30/2014 14:00,37.85173
1/30/2014 14:30,39.53969
1/30/2014 15:00,39.12752
1/30/2014 15:30,40.17273
1/30/2014 16:00,39.38652
1/30/2014 16:30,44.49084
1/30/2014 17:00,38.44775
1/30/2014 17:30,50.28926
1/30/2014 18:00,51.47616
1/30/2014 18:30,51.59101
1/30/2014 19:00,51.3717
1/30/2014 19:30,51.24724
1/30/2014 20:00,51.27345
1/30/2014 20:30,45.16459
1/30/2014 21:00,47.88635
1/30/2014 21:30,41.18626
1/30/2014 22:00,41.44124
1/30/2014 22:30,41.45425
1/30/2014 23:00,35.91914
1/30/2014 23:30,39.97244
1/31/2014 0:00,40.64902
1/31/2014 0:30,41.70018
1/31/2014 1:00,42.0186
1/31/2014 1:30,46.31527
1/31/2014 2:00,41.96424
1/31/2014 2:30,40.80694
1/31/2014 3:00,39.83778
1/31/2014 3:30,38.42566
1/31/2014 4:00,42.4109
1/31/2014 4:30,47.29927
1/31/2014 5:00,41.84928
1/31/2014 5:30,40.79463
1/31/2014 6:00,28.31858
1/31/2014 6:30,41.5642
1/31/2014 7:00,54.32739
1/31/2014 7:30,54.27363
1/31/2014 8:00,48.63019
1/31/2014 8:30,44.48201
1/31/2014 9:00,47.74112
1/31/2014 9:30,55.06604
1/31/2014 10:00,62.57146
1/31/2014 10:30,45.68337
1/31/2014 11:00,57.69647
1/31/2014 11:30,53.2818
1/31/2014 12:00,53.52023
1/31/2014 12:30,45.63036
1/31/2014 13:00,43.8072
1/31/2014 13:30,45.00902
1/31/2014 14:00,49.41232
1/31/2014 14:30,44.98623
1/31/2014 15:00,45.42528
1/31/2014 15:30,49.38423
1/31/2014 16:00,48.58485
1/31/2014 16:30,70
1/31/2014 17:00,43.189
1/31/2014 17:30,48.36913
1/31/2014 18:00,53.60731
1/31/2014 18:30,74.44559
1/31/2014 19:00,50.42507
1/31/2014 19:30,45.24766
1/31/2014 20:00,48.4241
1/31/2014 20:30,51.85957
1/31/2014 21:00,58.21393
1/31/2014 21:30,54.10224
1/31/2014 22:00,58.73599
1/31/2014 22:30,46.7269
1/31/2014 23:00,45.36687
1/31/2014 23:30,43.42489
