Date,SolarRad
3/1/2014 0:00,0
3/1/2014 0:30,0
3/1/2014 1:00,0
3/1/2014 1:30,0
3/1/2014 2:00,0
3/1/2014 2:30,0
3/1/2014 3:00,0
3/1/2014 3:30,0
3/1/2014 4:00,0
3/1/2014 4:30,0
3/1/2014 5:00,0
3/1/2014 5:30,0
3/1/2014 6:00,0
3/1/2014 6:30,9
3/1/2014 7:00,23
3/1/2014 7:30,56
3/1/2014 8:00,157
3/1/2014 8:30,215
3/1/2014 9:00,170
3/1/2014 9:30,287
3/1/2014 10:00,204
3/1/2014 10:30,276
3/1/2014 11:00,154
3/1/2014 11:30,211
3/1/2014 12:00,203
3/1/2014 12:30,278
3/1/2014 13:00,206
3/1/2014 13:30,175
3/1/2014 14:00,202
3/1/2014 14:30,83
3/1/2014 15:00,71
3/1/2014 15:30,58
3/1/2014 16:00,83
3/1/2014 16:30,28
3/1/2014 17:00,8
3/1/2014 17:30,0
3/1/2014 18:00,0
3/1/2014 18:30,0
3/1/2014 19:00,0
3/1/2014 19:30,0
3/1/2014 20:00,0
3/1/2014 20:30,0
3/1/2014 21:00,0
3/1/2014 21:30,0
3/1/2014 22:00,0
3/1/2014 22:30,0
3/1/2014 23:00,0
3/1/2014 23:30,0
3/2/2014 0:00,0
3/2/2014 0:30,0
3/2/2014 1:00,0
3/2/2014 1:30,0
3/2/2014 2:00,0
3/2/2014 2:30,0
3/2/2014 3:00,0
3/2/2014 3:30,0
3/2/2014 4:00,0
3/2/2014 4:30,0
3/2/2014 5:00,0
3/2/2014 5:30,0
3/2/2014 6:00,0
3/2/2014 6:30,8
3/2/2014 7:00,46
3/2/2014 7:30,79
3/2/2014 8:00,79
3/2/2014 8:30,83
3/2/2014 9:00,136
3/2/2014 9:30,194
3/2/2014 10:00,202
3/2/2014 10:30,243
3/2/2014 11:00,308
3/2/2014 11:30,246
3/2/2014 12:00,287
3/2/2014 12:30,210
3/2/2014 13:00,112
3/2/2014 13:30,115
3/2/2014 14:00,142
3/2/2014 14:30,84
3/2/2014 15:00,57
3/2/2014 15:30,28
3/2/2014 16:00,12
3/2/2014 16:30,9
3/2/2014 17:00,1
3/2/2014 17:30,0
3/2/2014 18:00,0
3/2/2014 18:30,0
3/2/2014 19:00,0
3/2/2014 19:30,0
3/2/2014 20:00,0
3/2/2014 20:30,0
3/2/2014 21:00,0
3/2/2014 21:30,0
3/2/2014 22:00,0
3/2/2014 22:30,0
3/2/2014 23:00,0
3/2/2014 23:30,0
3/3/2014 0:00,0
3/3/2014 0:30,0
3/3/2014 1:00,0
3/3/2014 1:30,0
3/3/2014 2:00,0
3/3/2014 2:30,0
3/3/2014 3:00,0
3/3/2014 3:30,0
3/3/2014 4:00,0
3/3/2014 4:30,0
3/3/2014 5:00,0
3/3/2014 5:30,0
3/3/2014 6:00,0
3/3/2014 6:30,5
3/3/2014 7:00,34
3/3/2014 7:30,74
3/3/2014 8:00,53
3/3/2014 8:30,154
3/3/2014 9:00,334
3/3/2014 9:30,228
3/3/2014 10:00,250
3/3/2014 10:30,230
3/3/2014 11:00,174
3/3/2014 11:30,293
3/3/2014 12:00,243
3/3/2014 12:30,234
3/3/2014 13:00,103
3/3/2014 13:30,96
3/3/2014 14:00,200
3/3/2014 14:30,145
3/3/2014 15:00,77
3/3/2014 15:30,80
3/3/2014 16:00,39
3/3/2014 16:30,6
3/3/2014 17:00,4
3/3/2014 17:30,0
3/3/2014 18:00,0
3/3/2014 18:30,0
3/3/2014 19:00,0
3/3/2014 19:30,0
3/3/2014 20:00,0
3/3/2014 20:30,0
3/3/2014 21:00,0
3/3/2014 21:30,0
3/3/2014 22:00,0
3/3/2014 22:30,0
3/3/2014 23:00,0
3/3/2014 23:30,0
3/4/2014 0:00,0
3/4/2014 0:30,0
3/4/2014 1:00,0
3/4/2014 1:30,0
3/4/2014 2:00,0
3/4/2014 2:30,0
3/4/2014 3:00,0
3/4/2014 3:30,0
3/4/2014 4:00,0
3/4/2014 4:30,0
3/4/2014 5:00,0
3/4/2014 5:30,0
3/4/2014 6:00,0
3/4/2014 6:30,11
3/4/2014 7:00,45
3/4/2014 7:30,120
3/4/2014 8:00,208
3/4/2014 8:30,277
3/4/2014 9:00,338
3/4/2014 9:30,395
3/4/2014 10:00,444
3/4/2014 10:30,489
3/4/2014 11:00,547
3/4/2014 11:30,634
3/4/2014 12:00,216
3/4/2014 12:30,98
3/4/2014 13:00,212
3/4/2014 13:30,109
3/4/2014 14:00,72
3/4/2014 14:30,127
3/4/2014 15:00,123
3/4/2014 15:30,80
3/4/2014 16:00,66
3/4/2014 16:30,44
3/4/2014 17:00,7
3/4/2014 17:30,0
3/4/2014 18:00,0
3/4/2014 18:30,0
3/4/2014 19:00,0
3/4/2014 19:30,0
3/4/2014 20:00,0
3/4/2014 20:30,0
3/4/2014 21:00,0
3/4/2014 21:30,0
3/4/2014 22:00,0
3/4/2014 22:30,0
3/4/2014 23:00,0
3/4/2014 23:30,0
3/5/2014 0:00,0
3/5/2014 0:30,0
3/5/2014 1:00,0
3/5/2014 1:30,0
3/5/2014 2:00,0
3/5/2014 2:30,0
3/5/2014 3:00,0
3/5/2014 3:30,0
3/5/2014 4:00,0
3/5/2014 4:30,0
3/5/2014 5:00,0
3/5/2014 5:30,0
3/5/2014 6:00,1
3/5/2014 6:30,16
3/5/2014 7:00,56
3/5/2014 7:30,145
3/5/2014 8:00,252
3/5/2014 8:30,322
3/5/2014 9:00,388
3/5/2014 9:30,446
3/5/2014 10:00,503
3/5/2014 10:30,548
3/5/2014 11:00,574
3/5/2014 11:30,578
3/5/2014 12:00,590
3/5/2014 12:30,280
3/5/2014 13:00,184
3/5/2014 13:30,186
3/5/2014 14:00,216
3/5/2014 14:30,126
3/5/2014 15:00,139
3/5/2014 15:30,76
3/5/2014 16:00,77
3/5/2014 16:30,29
3/5/2014 17:00,9
3/5/2014 17:30,0
3/5/2014 18:00,0
3/5/2014 18:30,0
3/5/2014 19:00,0
3/5/2014 19:30,0
3/5/2014 20:00,0
3/5/2014 20:30,0
3/5/2014 21:00,0
3/5/2014 21:30,0
3/5/2014 22:00,0
3/5/2014 22:30,0
3/5/2014 23:00,0
3/5/2014 23:30,0
3/6/2014 0:00,0
3/6/2014 0:30,0
3/6/2014 1:00,0
3/6/2014 1:30,0
3/6/2014 2:00,0
3/6/2014 2:30,0
3/6/2014 3:00,0
3/6/2014 3:30,0
3/6/2014 4:00,0
3/6/2014 4:30,0
3/6/2014 5:00,0
3/6/2014 5:30,0
3/6/2014 6:00,3
3/6/2014 6:30,25
3/6/2014 7:00,75
3/6/2014 7:30,154
3/6/2014 8:00,245
3/6/2014 8:30,318
3/6/2014 9:00,382
3/6/2014 9:30,428
3/6/2014 10:00,482
3/6/2014 10:30,527
3/6/2014 11:00,543
3/6/2014 11:30,491
3/6/2014 12:00,556
3/6/2014 12:30,300
3/6/2014 13:00,188
3/6/2014 13:30,223
3/6/2014 14:00,184
3/6/2014 14:30,113
3/6/2014 15:00,121
3/6/2014 15:30,108
3/6/2014 16:00,114
3/6/2014 16:30,36
3/6/2014 17:00,13
3/6/2014 17:30,0
3/6/2014 18:00,0
3/6/2014 18:30,0
3/6/2014 19:00,0
3/6/2014 19:30,0
3/6/2014 20:00,0
3/6/2014 20:30,0
3/6/2014 21:00,0
3/6/2014 21:30,0
3/6/2014 22:00,0
3/6/2014 22:30,0
3/6/2014 23:00,0
3/6/2014 23:30,0
3/7/2014 0:00,0
3/7/2014 0:30,0
3/7/2014 1:00,0
3/7/2014 1:30,0
3/7/2014 2:00,0
3/7/2014 2:30,0
3/7/2014 3:00,0
3/7/2014 3:30,0
3/7/2014 4:00,0
3/7/2014 4:30,0
3/7/2014 5:00,0
3/7/2014 5:30,0
3/7/2014 6:00,2
3/7/2014 6:30,26
3/7/2014 7:00,55
3/7/2014 7:30,142
3/7/2014 8:00,176
3/7/2014 8:30,140
3/7/2014 9:00,81
3/7/2014 9:30,98
3/7/2014 10:00,113
3/7/2014 10:30,133
3/7/2014 11:00,114
3/7/2014 11:30,85
3/7/2014 12:00,116
3/7/2014 12:30,147
3/7/2014 13:00,242
3/7/2014 13:30,237
3/7/2014 14:00,191
3/7/2014 14:30,130
3/7/2014 15:00,55
3/7/2014 15:30,49
3/7/2014 16:00,104
3/7/2014 16:30,32
3/7/2014 17:00,8
3/7/2014 17:30,0
3/7/2014 18:00,0
3/7/2014 18:30,0
3/7/2014 19:00,0
3/7/2014 19:30,0
3/7/2014 20:00,0
3/7/2014 20:30,0
3/7/2014 21:00,0
3/7/2014 21:30,0
3/7/2014 22:00,0
3/7/2014 22:30,0
3/7/2014 23:00,0
3/7/2014 23:30,0
3/8/2014 0:00,0
3/8/2014 0:30,0
3/8/2014 1:00,0
3/8/2014 1:30,0
3/8/2014 2:00,0
3/8/2014 2:30,0
3/8/2014 3:00,0
3/8/2014 3:30,0
3/8/2014 4:00,0
3/8/2014 4:30,0
3/8/2014 5:00,0
3/8/2014 5:30,0
3/8/2014 6:00,0
3/8/2014 6:30,10
3/8/2014 7:00,40
3/8/2014 7:30,118
3/8/2014 8:00,168
3/8/2014 8:30,244
3/8/2014 9:00,300
3/8/2014 9:30,397
3/8/2014 10:00,371
3/8/2014 10:30,464
3/8/2014 11:00,428
3/8/2014 11:30,501
3/8/2014 12:00,567
3/8/2014 12:30,369
3/8/2014 13:00,283
3/8/2014 13:30,266
3/8/2014 14:00,213
3/8/2014 14:30,89
3/8/2014 15:00,74
3/8/2014 15:30,67
3/8/2014 16:00,133
3/8/2014 16:30,60
3/8/2014 17:00,22
3/8/2014 17:30,1
3/8/2014 18:00,0
3/8/2014 18:30,0
3/8/2014 19:00,0
3/8/2014 19:30,0
3/8/2014 20:00,0
3/8/2014 20:30,0
3/8/2014 21:00,0
3/8/2014 21:30,0
3/8/2014 22:00,0
3/8/2014 22:30,0
3/8/2014 23:00,0
3/8/2014 23:30,0
3/9/2014 0:00,0
3/9/2014 0:30,0
3/9/2014 1:00,0
3/9/2014 1:30,0
3/9/2014 2:00,0
3/9/2014 2:30,0
3/9/2014 3:00,0
3/9/2014 3:30,0
3/9/2014 4:00,0
3/9/2014 4:30,0
3/9/2014 5:00,0
3/9/2014 5:30,0
3/9/2014 6:00,4
3/9/2014 6:30,24
3/9/2014 7:00,69
3/9/2014 7:30,154
3/9/2014 8:00,255
3/9/2014 8:30,341
3/9/2014 9:00,410
3/9/2014 9:30,472
3/9/2014 10:00,532
3/9/2014 10:30,573
3/9/2014 11:00,601
3/9/2014 11:30,617
3/9/2014 12:00,625
3/9/2014 12:30,345
3/9/2014 13:00,178
3/9/2014 13:30,191
3/9/2014 14:00,171
3/9/2014 14:30,53
3/9/2014 15:00,50
3/9/2014 15:30,51
3/9/2014 16:00,147
3/9/2014 16:30,79
3/9/2014 17:00,30
3/9/2014 17:30,1
3/9/2014 18:00,0
3/9/2014 18:30,0
3/9/2014 19:00,0
3/9/2014 19:30,0
3/9/2014 20:00,0
3/9/2014 20:30,0
3/9/2014 21:00,0
3/9/2014 21:30,0
3/9/2014 22:00,0
3/9/2014 22:30,0
3/9/2014 23:00,0
3/9/2014 23:30,0
3/10/2014 0:00,0
3/10/2014 0:30,0
3/10/2014 1:00,0
3/10/2014 1:30,0
3/10/2014 2:00,0
3/10/2014 2:30,0
3/10/2014 3:00,0
3/10/2014 3:30,0
3/10/2014 4:00,0
3/10/2014 4:30,0
3/10/2014 5:00,0
3/10/2014 5:30,0
3/10/2014 6:00,5
3/10/2014 6:30,22
3/10/2014 7:00,85
3/10/2014 7:30,169
3/10/2014 8:00,252
3/10/2014 8:30,324
3/10/2014 9:00,386
3/10/2014 9:30,448
3/10/2014 10:00,505
3/10/2014 10:30,508
3/10/2014 11:00,403
3/10/2014 11:30,511
3/10/2014 12:00,550
3/10/2014 12:30,320
3/10/2014 13:00,257
3/10/2014 13:30,196
3/10/2014 14:00,100
3/10/2014 14:30,89
3/10/2014 15:00,78
3/10/2014 15:30,76
3/10/2014 16:00,53
3/10/2014 16:30,29
3/10/2014 17:00,11
3/10/2014 17:30,0
3/10/2014 18:00,0
3/10/2014 18:30,0
3/10/2014 19:00,0
3/10/2014 19:30,0
3/10/2014 20:00,0
3/10/2014 20:30,0
3/10/2014 21:00,0
3/10/2014 21:30,0
3/10/2014 22:00,0
3/10/2014 22:30,0
3/10/2014 23:00,0
3/10/2014 23:30,0
3/11/2014 0:00,0
3/11/2014 0:30,0
3/11/2014 1:00,0
3/11/2014 1:30,0
3/11/2014 2:00,0
3/11/2014 2:30,0
3/11/2014 3:00,0
3/11/2014 3:30,0
3/11/2014 4:00,0
3/11/2014 4:30,0
3/11/2014 5:00,0
3/11/2014 5:30,0
3/11/2014 6:00,0
3/11/2014 6:30,6
3/11/2014 7:00,18
3/11/2014 7:30,29
3/11/2014 8:00,35
3/11/2014 8:30,52
3/11/2014 9:00,54
3/11/2014 9:30,71
3/11/2014 10:00,84
3/11/2014 10:30,115
3/11/2014 11:00,120
3/11/2014 11:30,108
3/11/2014 12:00,77
3/11/2014 12:30,99
3/11/2014 13:00,117
3/11/2014 13:30,105
3/11/2014 14:00,98
3/11/2014 14:30,100
3/11/2014 15:00,94
3/11/2014 15:30,82
3/11/2014 16:00,59
3/11/2014 16:30,27
3/11/2014 17:00,10
3/11/2014 17:30,0
3/11/2014 18:00,0
3/11/2014 18:30,0
3/11/2014 19:00,0
3/11/2014 19:30,0
3/11/2014 20:00,0
3/11/2014 20:30,0
3/11/2014 21:00,0
3/11/2014 21:30,0
3/11/2014 22:00,0
3/11/2014 22:30,0
3/11/2014 23:00,0
3/11/2014 23:30,0
3/12/2014 0:00,0
3/12/2014 0:30,0
3/12/2014 1:00,0
3/12/2014 1:30,0
3/12/2014 2:00,0
3/12/2014 2:30,0
3/12/2014 3:00,0
3/12/2014 3:30,0
3/12/2014 4:00,0
3/12/2014 4:30,0
3/12/2014 5:00,0
3/12/2014 5:30,0
3/12/2014 6:00,2
3/12/2014 6:30,12
3/12/2014 7:00,28
3/12/2014 7:30,52
3/12/2014 8:00,71
3/12/2014 8:30,114
3/12/2014 9:00,190
3/12/2014 9:30,236
3/12/2014 10:00,415
3/12/2014 10:30,582
3/12/2014 11:00,580
3/12/2014 11:30,587
3/12/2014 12:00,443
3/12/2014 12:30,315
3/12/2014 13:00,220
3/12/2014 13:30,280
3/12/2014 14:00,234
3/12/2014 14:30,143
3/12/2014 15:00,122
3/12/2014 15:30,101
3/12/2014 16:00,139
3/12/2014 16:30,47
3/12/2014 17:00,21
3/12/2014 17:30,1
3/12/2014 18:00,0
3/12/2014 18:30,0
3/12/2014 19:00,0
3/12/2014 19:30,0
3/12/2014 20:00,0
3/12/2014 20:30,0
3/12/2014 21:00,0
3/12/2014 21:30,0
3/12/2014 22:00,0
3/12/2014 22:30,0
3/12/2014 23:00,0
3/12/2014 23:30,0
3/13/2014 0:00,0
3/13/2014 0:30,0
3/13/2014 1:00,0
3/13/2014 1:30,0
3/13/2014 2:00,0
3/13/2014 2:30,0
3/13/2014 3:00,0
3/13/2014 3:30,0
3/13/2014 4:00,0
3/13/2014 4:30,0
3/13/2014 5:00,0
3/13/2014 5:30,0
3/13/2014 6:00,7
3/13/2014 6:30,22
3/13/2014 7:00,44
3/13/2014 7:30,71
3/13/2014 8:00,120
3/13/2014 8:30,146
3/13/2014 9:00,191
3/13/2014 9:30,325
3/13/2014 10:00,441
3/13/2014 10:30,566
3/13/2014 11:00,603
3/13/2014 11:30,616
3/13/2014 12:00,611
3/13/2014 12:30,318
3/13/2014 13:00,199
3/13/2014 13:30,249
3/13/2014 14:00,235
3/13/2014 14:30,88
3/13/2014 15:00,90
3/13/2014 15:30,102
3/13/2014 16:00,152
3/13/2014 16:30,97
3/13/2014 17:00,37
3/13/2014 17:30,3
3/13/2014 18:00,0
3/13/2014 18:30,0
3/13/2014 19:00,0
3/13/2014 19:30,0
3/13/2014 20:00,0
3/13/2014 20:30,0
3/13/2014 21:00,0
3/13/2014 21:30,0
3/13/2014 22:00,0
3/13/2014 22:30,0
3/13/2014 23:00,0
3/13/2014 23:30,0
3/14/2014 0:00,0
3/14/2014 0:30,0
3/14/2014 1:00,0
3/14/2014 1:30,0
3/14/2014 2:00,0
3/14/2014 2:30,0
3/14/2014 3:00,0
3/14/2014 3:30,0
3/14/2014 4:00,0
3/14/2014 4:30,0
3/14/2014 5:00,0
3/14/2014 5:30,0
3/14/2014 6:00,9
3/14/2014 6:30,36
3/14/2014 7:00,107
3/14/2014 7:30,196
3/14/2014 8:00,288
3/14/2014 8:30,372
3/14/2014 9:00,442
3/14/2014 9:30,508
3/14/2014 10:00,571
3/14/2014 10:30,616
3/14/2014 11:00,636
3/14/2014 11:30,643
3/14/2014 12:00,647
3/14/2014 12:30,327
3/14/2014 13:00,240
3/14/2014 13:30,288
3/14/2014 14:00,307
3/14/2014 14:30,167
3/14/2014 15:00,108
3/14/2014 15:30,104
3/14/2014 16:00,148
3/14/2014 16:30,83
3/14/2014 17:00,32
3/14/2014 17:30,2
3/14/2014 18:00,0
3/14/2014 18:30,0
3/14/2014 19:00,0
3/14/2014 19:30,0
3/14/2014 20:00,0
3/14/2014 20:30,0
3/14/2014 21:00,0
3/14/2014 21:30,0
3/14/2014 22:00,0
3/14/2014 22:30,0
3/14/2014 23:00,0
3/14/2014 23:30,0
3/15/2014 0:00,0
3/15/2014 0:30,0
3/15/2014 1:00,0
3/15/2014 1:30,0
3/15/2014 2:00,0
3/15/2014 2:30,0
3/15/2014 3:00,0
3/15/2014 3:30,0
3/15/2014 4:00,0
3/15/2014 4:30,0
3/15/2014 5:00,0
3/15/2014 5:30,0
3/15/2014 6:00,2
3/15/2014 6:30,12
3/15/2014 7:00,32
3/15/2014 7:30,36
3/15/2014 8:00,67
3/15/2014 8:30,147
3/15/2014 9:00,180
3/15/2014 9:30,457
3/15/2014 10:00,415
3/15/2014 10:30,380
3/15/2014 11:00,487
3/15/2014 11:30,383
3/15/2014 12:00,316
3/15/2014 12:30,244
3/15/2014 13:00,249
3/15/2014 13:30,227
3/15/2014 14:00,228
3/15/2014 14:30,82
3/15/2014 15:00,71
3/15/2014 15:30,99
3/15/2014 16:00,129
3/15/2014 16:30,97
3/15/2014 17:00,53
3/15/2014 17:30,5
3/15/2014 18:00,0
3/15/2014 18:30,0
3/15/2014 19:00,0
3/15/2014 19:30,0
3/15/2014 20:00,0
3/15/2014 20:30,0
3/15/2014 21:00,0
3/15/2014 21:30,0
3/15/2014 22:00,0
3/15/2014 22:30,0
3/15/2014 23:00,0
3/15/2014 23:30,0
3/16/2014 0:00,0
3/16/2014 0:30,0
3/16/2014 1:00,0
3/16/2014 1:30,0
3/16/2014 2:00,0
3/16/2014 2:30,0
3/16/2014 3:00,0
3/16/2014 3:30,0
3/16/2014 4:00,0
3/16/2014 4:30,0
3/16/2014 5:00,0
3/16/2014 5:30,0
3/16/2014 6:00,11
3/16/2014 6:30,33
3/16/2014 7:00,117
3/16/2014 7:30,227
3/16/2014 8:00,328
3/16/2014 8:30,403
3/16/2014 9:00,472
3/16/2014 9:30,537
3/16/2014 10:00,593
3/16/2014 10:30,635
3/16/2014 11:00,663
3/16/2014 11:30,677
3/16/2014 12:00,677
3/16/2014 12:30,338
3/16/2014 13:00,198
3/16/2014 13:30,220
3/16/2014 14:00,218
3/16/2014 14:30,46
3/16/2014 15:00,43
3/16/2014 15:30,90
3/16/2014 16:00,180
3/16/2014 16:30,138
3/16/2014 17:00,65
3/16/2014 17:30,7
3/16/2014 18:00,0
3/16/2014 18:30,0
3/16/2014 19:00,0
3/16/2014 19:30,0
3/16/2014 20:00,0
3/16/2014 20:30,0
3/16/2014 21:00,0
3/16/2014 21:30,0
3/16/2014 22:00,0
3/16/2014 22:30,0
3/16/2014 23:00,0
3/16/2014 23:30,0
3/17/2014 0:00,0
3/17/2014 0:30,0
3/17/2014 1:00,0
3/17/2014 1:30,0
3/17/2014 2:00,0
3/17/2014 2:30,0
3/17/2014 3:00,0
3/17/2014 3:30,0
3/17/2014 4:00,0
3/17/2014 4:30,0
3/17/2014 5:00,0
3/17/2014 5:30,0
3/17/2014 6:00,14
3/17/2014 6:30,45
3/17/2014 7:00,133
3/17/2014 7:30,258
3/17/2014 8:00,307
3/17/2014 8:30,373
3/17/2014 9:00,386
3/17/2014 9:30,285
3/17/2014 10:00,230
3/17/2014 10:30,308
3/17/2014 11:00,222
3/17/2014 11:30,243
3/17/2014 12:00,286
3/17/2014 12:30,304
3/17/2014 13:00,307
3/17/2014 13:30,195
3/17/2014 14:00,199
3/17/2014 14:30,225
3/17/2014 15:00,184
3/17/2014 15:30,101
3/17/2014 16:00,72
3/17/2014 16:30,52
3/17/2014 17:00,25
3/17/2014 17:30,3
3/17/2014 18:00,0
3/17/2014 18:30,0
3/17/2014 19:00,0
3/17/2014 19:30,0
3/17/2014 20:00,0
3/17/2014 20:30,0
3/17/2014 21:00,0
3/17/2014 21:30,0
3/17/2014 22:00,0
3/17/2014 22:30,0
3/17/2014 23:00,0
3/17/2014 23:30,0
3/18/2014 0:00,0
3/18/2014 0:30,0
3/18/2014 1:00,0
3/18/2014 1:30,0
3/18/2014 2:00,0
3/18/2014 2:30,0
3/18/2014 3:00,0
3/18/2014 3:30,0
3/18/2014 4:00,0
3/18/2014 4:30,0
3/18/2014 5:00,0
3/18/2014 5:30,0
3/18/2014 6:00,6
3/18/2014 6:30,35
3/18/2014 7:00,61
3/18/2014 7:30,100
3/18/2014 8:00,132
3/18/2014 8:30,191
3/18/2014 9:00,409
3/18/2014 9:30,168
3/18/2014 10:00,555
3/18/2014 10:30,655
3/18/2014 11:00,695
3/18/2014 11:30,689
3/18/2014 12:00,286
3/18/2014 12:30,325
3/18/2014 13:00,126
3/18/2014 13:30,82
3/18/2014 14:00,195
3/18/2014 14:30,146
3/18/2014 15:00,128
3/18/2014 15:30,153
3/18/2014 16:00,117
3/18/2014 16:30,103
3/18/2014 17:00,21
3/18/2014 17:30,6
3/18/2014 18:00,0
3/18/2014 18:30,0
3/18/2014 19:00,0
3/18/2014 19:30,0
3/18/2014 20:00,0
3/18/2014 20:30,0
3/18/2014 21:00,0
3/18/2014 21:30,0
3/18/2014 22:00,0
3/18/2014 22:30,0
3/18/2014 23:00,0
3/18/2014 23:30,0
3/19/2014 0:00,0
3/19/2014 0:30,0
3/19/2014 1:00,0
3/19/2014 1:30,0
3/19/2014 2:00,0
3/19/2014 2:30,0
3/19/2014 3:00,0
3/19/2014 3:30,0
3/19/2014 4:00,0
3/19/2014 4:30,0
3/19/2014 5:00,0
3/19/2014 5:30,0
3/19/2014 6:00,8
3/19/2014 6:30,26
3/19/2014 7:00,54
3/19/2014 7:30,86
3/19/2014 8:00,133
3/19/2014 8:30,173
3/19/2014 9:00,220
3/19/2014 9:30,244
3/19/2014 10:00,286
3/19/2014 10:30,363
3/19/2014 11:00,378
3/19/2014 11:30,315
3/19/2014 12:00,354
3/19/2014 12:30,353
3/19/2014 13:00,264
3/19/2014 13:30,223
3/19/2014 14:00,253
3/19/2014 14:30,231
3/19/2014 15:00,187
3/19/2014 15:30,139
3/19/2014 16:00,125
3/19/2014 16:30,107
3/19/2014 17:00,79
3/19/2014 17:30,20
3/19/2014 18:00,1
3/19/2014 18:30,0
3/19/2014 19:00,0
3/19/2014 19:30,0
3/19/2014 20:00,0
3/19/2014 20:30,0
3/19/2014 21:00,0
3/19/2014 21:30,0
3/19/2014 22:00,0
3/19/2014 22:30,0
3/19/2014 23:00,0
3/19/2014 23:30,0
3/20/2014 0:00,0
3/20/2014 0:30,0
3/20/2014 1:00,0
3/20/2014 1:30,0
3/20/2014 2:00,0
3/20/2014 2:30,0
3/20/2014 3:00,0
3/20/2014 3:30,0
3/20/2014 4:00,0
3/20/2014 4:30,0
3/20/2014 5:00,0
3/20/2014 5:30,1
3/20/2014 6:00,20
3/20/2014 6:30,60
3/20/2014 7:00,158
3/20/2014 7:30,251
3/20/2014 8:00,336
3/20/2014 8:30,413
3/20/2014 9:00,484
3/20/2014 9:30,533
3/20/2014 10:00,585
3/20/2014 10:30,615
3/20/2014 11:00,654
3/20/2014 11:30,706
3/20/2014 12:00,496
3/20/2014 12:30,375
3/20/2014 13:00,254
3/20/2014 13:30,293
3/20/2014 14:00,235
3/20/2014 14:30,201
3/20/2014 15:00,191
3/20/2014 15:30,195
3/20/2014 16:00,132
3/20/2014 16:30,70
3/20/2014 17:00,30
3/20/2014 17:30,6
3/20/2014 18:00,0
3/20/2014 18:30,0
3/20/2014 19:00,0
3/20/2014 19:30,0
3/20/2014 20:00,0
3/20/2014 20:30,0
3/20/2014 21:00,0
3/20/2014 21:30,0
3/20/2014 22:00,0
3/20/2014 22:30,0
3/20/2014 23:00,0
3/20/2014 23:30,0
3/21/2014 0:00,0
3/21/2014 0:30,0
3/21/2014 1:00,0
3/21/2014 1:30,0
3/21/2014 2:00,0
3/21/2014 2:30,0
3/21/2014 3:00,0
3/21/2014 3:30,0
3/21/2014 4:00,0
3/21/2014 4:30,0
3/21/2014 5:00,0
3/21/2014 5:30,0
3/21/2014 6:00,4
3/21/2014 6:30,8
3/21/2014 7:00,27
3/21/2014 7:30,68
3/21/2014 8:00,166
3/21/2014 8:30,370
3/21/2014 9:00,454
3/21/2014 9:30,511
3/21/2014 10:00,583
3/21/2014 10:30,675
3/21/2014 11:00,718
3/21/2014 11:30,623
3/21/2014 12:00,747
3/21/2014 12:30,292
3/21/2014 13:00,345
3/21/2014 13:30,307
3/21/2014 14:00,243
3/21/2014 14:30,163
3/21/2014 15:00,111
3/21/2014 15:30,145
3/21/2014 16:00,98
3/21/2014 16:30,61
3/21/2014 17:00,85
3/21/2014 17:30,10
3/21/2014 18:00,0
3/21/2014 18:30,0
3/21/2014 19:00,0
3/21/2014 19:30,0
3/21/2014 20:00,0
3/21/2014 20:30,0
3/21/2014 21:00,0
3/21/2014 21:30,0
3/21/2014 22:00,0
3/21/2014 22:30,0
3/21/2014 23:00,0
3/21/2014 23:30,0
3/22/2014 0:00,0
3/22/2014 0:30,0
3/22/2014 1:00,0
3/22/2014 1:30,0
3/22/2014 2:00,0
3/22/2014 2:30,0
3/22/2014 3:00,0
3/22/2014 3:30,0
3/22/2014 4:00,0
3/22/2014 4:30,0
3/22/2014 5:00,0
3/22/2014 5:30,1
3/22/2014 6:00,11
3/22/2014 6:30,45
3/22/2014 7:00,147
3/22/2014 7:30,247
3/22/2014 8:00,204
3/22/2014 8:30,368
3/22/2014 9:00,176
3/22/2014 9:30,166
3/22/2014 10:00,348
3/22/2014 10:30,582
3/22/2014 11:00,689
3/22/2014 11:30,334
3/22/2014 12:00,707
3/22/2014 12:30,320
3/22/2014 13:00,288
3/22/2014 13:30,241
3/22/2014 14:00,225
3/22/2014 14:30,157
3/22/2014 15:00,135
3/22/2014 15:30,205
3/22/2014 16:00,132
3/22/2014 16:30,97
3/22/2014 17:00,14
3/22/2014 17:30,6
3/22/2014 18:00,0
3/22/2014 18:30,0
3/22/2014 19:00,0
3/22/2014 19:30,0
3/22/2014 20:00,0
3/22/2014 20:30,0
3/22/2014 21:00,0
3/22/2014 21:30,0
3/22/2014 22:00,0
3/22/2014 22:30,0
3/22/2014 23:00,0
3/22/2014 23:30,0
3/23/2014 0:00,0
3/23/2014 0:30,0
3/23/2014 1:00,0
3/23/2014 1:30,0
3/23/2014 2:00,0
3/23/2014 2:30,0
3/23/2014 3:00,0
3/23/2014 3:30,0
3/23/2014 4:00,0
3/23/2014 4:30,0
3/23/2014 5:00,0
3/23/2014 5:30,4
3/23/2014 6:00,23
3/23/2014 6:30,67
3/23/2014 7:00,186
3/23/2014 7:30,200
3/23/2014 8:00,164
3/23/2014 8:30,220
3/23/2014 9:00,243
3/23/2014 9:30,218
3/23/2014 10:00,253
3/23/2014 10:30,295
3/23/2014 11:00,260
3/23/2014 11:30,339
3/23/2014 12:00,187
3/23/2014 12:30,220
3/23/2014 13:00,303
3/23/2014 13:30,113
3/23/2014 14:00,231
3/23/2014 14:30,181
3/23/2014 15:00,93
3/23/2014 15:30,82
3/23/2014 16:00,97
3/23/2014 16:30,174
3/23/2014 17:00,92
3/23/2014 17:30,5
3/23/2014 18:00,0
3/23/2014 18:30,0
3/23/2014 19:00,0
3/23/2014 19:30,0
3/23/2014 20:00,0
3/23/2014 20:30,0
3/23/2014 21:00,0
3/23/2014 21:30,0
3/23/2014 22:00,0
3/23/2014 22:30,0
3/23/2014 23:00,0
3/23/2014 23:30,0
3/24/2014 0:00,0
3/24/2014 0:30,0
3/24/2014 1:00,0
3/24/2014 1:30,0
3/24/2014 2:00,0
3/24/2014 2:30,0
3/24/2014 3:00,0
3/24/2014 3:30,0
3/24/2014 4:00,0
3/24/2014 4:30,0
3/24/2014 5:00,0
3/24/2014 5:30,4
3/24/2014 6:00,23
3/24/2014 6:30,65
3/24/2014 7:00,162
3/24/2014 7:30,248
3/24/2014 8:00,317
3/24/2014 8:30,387
3/24/2014 9:00,459
3/24/2014 9:30,471
3/24/2014 10:00,451
3/24/2014 10:30,726
3/24/2014 11:00,795
3/24/2014 11:30,433
3/24/2014 12:00,810
3/24/2014 12:30,425
3/24/2014 13:00,289
3/24/2014 13:30,294
3/24/2014 14:00,244
3/24/2014 14:30,128
3/24/2014 15:00,102
3/24/2014 15:30,190
3/24/2014 16:00,128
3/24/2014 16:30,75
3/24/2014 17:00,41
3/24/2014 17:30,18
3/24/2014 18:00,0
3/24/2014 18:30,0
3/24/2014 19:00,0
3/24/2014 19:30,0
3/24/2014 20:00,0
3/24/2014 20:30,0
3/24/2014 21:00,0
3/24/2014 21:30,0
3/24/2014 22:00,0
3/24/2014 22:30,0
3/24/2014 23:00,0
3/24/2014 23:30,0
3/25/2014 0:00,0
3/25/2014 0:30,0
3/25/2014 1:00,0
3/25/2014 1:30,0
3/25/2014 2:00,0
3/25/2014 2:30,0
3/25/2014 3:00,0
3/25/2014 3:30,0
3/25/2014 4:00,0
3/25/2014 4:30,0
3/25/2014 5:00,0
3/25/2014 5:30,2
3/25/2014 6:00,10
3/25/2014 6:30,17
3/25/2014 7:00,26
3/25/2014 7:30,35
3/25/2014 8:00,37
3/25/2014 8:30,58
3/25/2014 9:00,107
3/25/2014 9:30,119
3/25/2014 10:00,149
3/25/2014 10:30,158
3/25/2014 11:00,106
3/25/2014 11:30,144
3/25/2014 12:00,122
3/25/2014 12:30,100
3/25/2014 13:00,124
3/25/2014 13:30,132
3/25/2014 14:00,78
3/25/2014 14:30,42
3/25/2014 15:00,69
3/25/2014 15:30,117
3/25/2014 16:00,115
3/25/2014 16:30,41
3/25/2014 17:00,34
3/25/2014 17:30,11
3/25/2014 18:00,0
3/25/2014 18:30,0
3/25/2014 19:00,0
3/25/2014 19:30,0
3/25/2014 20:00,0
3/25/2014 20:30,0
3/25/2014 21:00,0
3/25/2014 21:30,0
3/25/2014 22:00,0
3/25/2014 22:30,0
3/25/2014 23:00,0
3/25/2014 23:30,0
3/26/2014 0:00,0
3/26/2014 0:30,0
3/26/2014 1:00,0
3/26/2014 1:30,0
3/26/2014 2:00,0
3/26/2014 2:30,0
3/26/2014 3:00,0
3/26/2014 3:30,0
3/26/2014 4:00,0
3/26/2014 4:30,0
3/26/2014 5:00,0
3/26/2014 5:30,4
3/26/2014 6:00,26
3/26/2014 6:30,65
3/26/2014 7:00,104
3/26/2014 7:30,194
3/26/2014 8:00,328
3/26/2014 8:30,292
3/26/2014 9:00,202
3/26/2014 9:30,219
3/26/2014 10:00,312
3/26/2014 10:30,319
3/26/2014 11:00,326
3/26/2014 11:30,255
3/26/2014 12:00,132
3/26/2014 12:30,182
3/26/2014 13:00,131
3/26/2014 13:30,310
3/26/2014 14:00,63
3/26/2014 14:30,74
3/26/2014 15:00,40
3/26/2014 15:30,56
3/26/2014 16:00,60
3/26/2014 16:30,53
3/26/2014 17:00,46
3/26/2014 17:30,13
3/26/2014 18:00,0
3/26/2014 18:30,0
3/26/2014 19:00,0
3/26/2014 19:30,0
3/26/2014 20:00,0
3/26/2014 20:30,0
3/26/2014 21:00,0
3/26/2014 21:30,0
3/26/2014 22:00,0
3/26/2014 22:30,0
3/26/2014 23:00,0
3/26/2014 23:30,0
3/27/2014 0:00,0
3/27/2014 0:30,0
3/27/2014 1:00,0
3/27/2014 1:30,0
3/27/2014 2:00,0
3/27/2014 2:30,0
3/27/2014 3:00,0
3/27/2014 3:30,0
3/27/2014 4:00,0
3/27/2014 4:30,0
3/27/2014 5:00,0
3/27/2014 5:30,8
3/27/2014 6:00,30
3/27/2014 6:30,83
3/27/2014 7:00,142
3/27/2014 7:30,191
3/27/2014 8:00,273
3/27/2014 8:30,331
3/27/2014 9:00,357
3/27/2014 9:30,360
3/27/2014 10:00,375
3/27/2014 10:30,408
3/27/2014 11:00,378
3/27/2014 11:30,323
3/27/2014 12:00,128
3/27/2014 12:30,142
3/27/2014 13:00,74
3/27/2014 13:30,45
3/27/2014 14:00,115
3/27/2014 14:30,157
3/27/2014 15:00,114
3/27/2014 15:30,100
3/27/2014 16:00,60
3/27/2014 16:30,48
3/27/2014 17:00,55
3/27/2014 17:30,29
3/27/2014 18:00,2
3/27/2014 18:30,0
3/27/2014 19:00,0
3/27/2014 19:30,0
3/27/2014 20:00,0
3/27/2014 20:30,0
3/27/2014 21:00,0
3/27/2014 21:30,0
3/27/2014 22:00,0
3/27/2014 22:30,0
3/27/2014 23:00,0
3/27/2014 23:30,0
3/28/2014 0:00,0
3/28/2014 0:30,0
3/28/2014 1:00,0
3/28/2014 1:30,0
3/28/2014 2:00,0
3/28/2014 2:30,0
3/28/2014 3:00,0
3/28/2014 3:30,0
3/28/2014 4:00,0
3/28/2014 4:30,0
3/28/2014 5:00,0
3/28/2014 5:30,10
3/28/2014 6:00,40
3/28/2014 6:30,74
3/28/2014 7:00,113
3/28/2014 7:30,192
3/28/2014 8:00,256
3/28/2014 8:30,259
3/28/2014 9:00,346
3/28/2014 9:30,248
3/28/2014 10:00,277
3/28/2014 10:30,329
3/28/2014 11:00,316
3/28/2014 11:30,331
3/28/2014 12:00,300
3/28/2014 12:30,301
3/28/2014 13:00,319
3/28/2014 13:30,252
3/28/2014 14:00,300
3/28/2014 14:30,211
3/28/2014 15:00,152
3/28/2014 15:30,251
3/28/2014 16:00,151
3/28/2014 16:30,101
3/28/2014 17:00,66
3/28/2014 17:30,15
3/28/2014 18:00,0
3/28/2014 18:30,0
3/28/2014 19:00,0
3/28/2014 19:30,0
3/28/2014 20:00,0
3/28/2014 20:30,0
3/28/2014 21:00,0
3/28/2014 21:30,0
3/28/2014 22:00,0
3/28/2014 22:30,0
3/28/2014 23:00,0
3/28/2014 23:30,0
3/29/2014 0:00,0
3/29/2014 0:30,0
3/29/2014 1:00,0
3/29/2014 1:30,0
3/29/2014 2:00,0
3/29/2014 2:30,0
3/29/2014 3:00,0
3/29/2014 3:30,0
3/29/2014 4:00,0
3/29/2014 4:30,0
3/29/2014 5:00,0
3/29/2014 5:30,17
3/29/2014 6:00,53
3/29/2014 6:30,93
3/29/2014 7:00,145
3/29/2014 7:30,268
3/29/2014 8:00,295
3/29/2014 8:30,309
3/29/2014 9:00,465
3/29/2014 9:30,464
3/29/2014 10:00,618
3/29/2014 10:30,676
3/29/2014 11:00,701
3/29/2014 11:30,715
3/29/2014 12:00,719
3/29/2014 12:30,550
3/29/2014 13:00,323
3/29/2014 13:30,305
3/29/2014 14:00,289
3/29/2014 14:30,239
3/29/2014 15:00,115
3/29/2014 15:30,281
3/29/2014 16:00,190
3/29/2014 16:30,156
3/29/2014 17:00,63
3/29/2014 17:30,15
3/29/2014 18:00,1
3/29/2014 18:30,0
3/29/2014 19:00,0
3/29/2014 19:30,0
3/29/2014 20:00,0
3/29/2014 20:30,0
3/29/2014 21:00,0
3/29/2014 21:30,0
3/29/2014 22:00,0
3/29/2014 22:30,0
3/29/2014 23:00,0
3/29/2014 23:30,0
3/30/2014 0:00,0
3/30/2014 0:30,0
3/30/2014 1:00,0
3/30/2014 1:30,0
3/30/2014 2:00,0
3/30/2014 2:30,0
3/30/2014 3:00,0
3/30/2014 3:30,0
3/30/2014 4:00,0
3/30/2014 4:30,0
3/30/2014 5:00,0
3/30/2014 5:30,0
3/30/2014 6:00,0
3/30/2014 6:30,12
3/30/2014 7:00,49
3/30/2014 7:30,95
3/30/2014 8:00,102
3/30/2014 8:30,248
3/30/2014 9:00,364
3/30/2014 9:30,376
3/30/2014 10:00,385
3/30/2014 10:30,494
3/30/2014 11:00,590
3/30/2014 11:30,635
3/30/2014 12:00,577
3/30/2014 12:30,410
3/30/2014 13:00,321
3/30/2014 13:30,346
3/30/2014 14:00,303
3/30/2014 14:30,251
3/30/2014 15:00,171
3/30/2014 15:30,100
3/30/2014 16:00,87
3/30/2014 16:30,140
3/30/2014 17:00,90
3/30/2014 17:30,43
3/30/2014 18:00,25
3/30/2014 18:30,9
3/30/2014 19:00,0
3/30/2014 19:30,0
3/30/2014 20:00,0
3/30/2014 20:30,0
3/30/2014 21:00,0
3/30/2014 21:30,0
3/30/2014 22:00,0
3/30/2014 22:30,0
3/30/2014 23:00,0
3/30/2014 23:30,0
3/31/2014 0:00,0
3/31/2014 0:30,0
3/31/2014 1:00,0
3/31/2014 1:30,0
3/31/2014 2:00,0
3/31/2014 2:30,0
3/31/2014 3:00,0
3/31/2014 3:30,0
3/31/2014 4:00,0
3/31/2014 4:30,0
3/31/2014 5:00,0
3/31/2014 5:30,0
3/31/2014 6:00,0
3/31/2014 6:30,9
3/31/2014 7:00,30
3/31/2014 7:30,61
3/31/2014 8:00,128
3/31/2014 8:30,156
3/31/2014 9:00,166
3/31/2014 9:30,144
3/31/2014 10:00,119
3/31/2014 10:30,148
3/31/2014 11:00,234
3/31/2014 11:30,234
3/31/2014 12:00,233
3/31/2014 12:30,301
3/31/2014 13:00,387
3/31/2014 13:30,262
3/31/2014 14:00,184
3/31/2014 14:30,124
3/31/2014 15:00,130
3/31/2014 15:30,111
3/31/2014 16:00,146
3/31/2014 16:30,193
3/31/2014 17:00,175
3/31/2014 17:30,103
3/31/2014 18:00,72
3/31/2014 18:30,37
3/31/2014 19:00,7
3/31/2014 19:30,0
3/31/2014 20:00,0
3/31/2014 20:30,0
3/31/2014 21:00,0
3/31/2014 21:30,0
3/31/2014 22:00,0
3/31/2014 22:30,0
3/31/2014 23:00,0
3/31/2014 23:30,0
